,Date,Company,Money,Stock,Profit,cumilative profit,B/S
0,2016-04-04,ACC.NS,10000,0,0,0,S
1,2016-04-06,ACC.NS,0,7.004272845839819,0,0,B
2,2016-04-26,ACC.NS,9994.397094731592,0,-5.602905268407994,0,S
3,2016-04-29,ACC.NS,0,6.925404099126455,0,0,B
4,2016-05-02,ACC.NS,9837.883131168583,0,-162.11686883141738,0,S
5,2016-05-10,ACC.NS,0,6.722850511019698,0,0,B
6,2016-05-20,ACC.NS,9367.955716316214,0,-632.0442836837865,0,S
7,2016-05-25,ACC.NS,0,6.350940921468205,0,0,B
8,2016-08-26,ACC.NS,10000,0,404.11110744467624,404.11110744467624,S
9,2016-08-30,ACC.NS,0,5.9220657021092515,0,404.11110744467624,B
10,2016-09-12,ACC.NS,9371.076911599363,0,-628.9230884006374,404.11110744467624,S
11,2017-01-06,ACC.NS,0,7.025321793299885,0,404.11110744467624,B
12,2017-01-10,ACC.NS,9270.614466921883,0,-729.3855330781171,404.11110744467624,S
13,2017-01-11,ACC.NS,0,6.87374123419128,0,404.11110744467624,B
14,2017-03-02,ACC.NS,9677.196428740244,0,-322.8035712597557,404.11110744467624,S
15,2017-03-31,ACC.NS,0,6.6921587095706805,0,404.11110744467624,B
16,2016-04-04,ADANIPORTS.NS,10000,0,0,0,S
17,2016-04-18,ADANIPORTS.NS,0,43.23389480354788,0,0,B
18,2016-05-04,ADANIPORTS.NS,9003.458592838846,0,-996.541407161154,0,S
19,2016-06-06,ADANIPORTS.NS,0,44.19960101976104,0,0,B
20,2016-09-30,ADANIPORTS.NS,10000,0,1348.2475618236476,1348.2475618236476,S
21,2016-10-04,ADANIPORTS.NS,0,37.21622458392402,0,1348.2475618236476,B
22,2016-10-05,ADANIPORTS.NS,9879.047270102246,0,-120.95272989775367,1348.2475618236476,S
23,2016-10-20,ADANIPORTS.NS,0,34.63294397932427,0,1348.2475618236476,B
24,2016-11-16,ADANIPORTS.NS,9186.388390515762,0,-813.6116094842382,1348.2475618236476,S
25,2016-12-08,ADANIPORTS.NS,0,31.997172397145665,0,1348.2475618236476,B
26,2016-12-22,ADANIPORTS.NS,8432.854394677257,0,-1567.145605322743,1348.2475618236476,S
27,2017-01-05,ADANIPORTS.NS,0,29.33166745974698,0,1348.2475618236476,B
28,2017-03-02,ADANIPORTS.NS,8619.11066207294,0,-1380.8893379270594,1348.2475618236476,S
29,2017-03-07,ADANIPORTS.NS,0,27.961429560658363,0,1348.2475618236476,B
30,2016-04-04,ADANITRANS.NS,0,278.5515201939864,0,0,B
31,2016-04-05,ADANITRANS.NS,9526.46220315228,0,-473.53779684772053,0,S
32,2016-06-01,ADANITRANS.NS,0,297.2375173143996,0,0,B
33,2016-09-29,ADANITRANS.NS,10000,0,1235.5779277100755,1235.5779277100755,S
34,2016-10-05,ADANITRANS.NS,0,232.01856969912393,0,1235.5779277100755,B
35,2016-12-26,ADANITRANS.NS,10000,0,1995.3602304608285,3230.938158170904,S
36,2016-12-28,ADANITRANS.NS,0,179.5332111854045,0,3230.938158170904,B
37,2017-02-23,ADANITRANS.NS,10000,0,1274.6855254704333,4505.623683641337,S
38,2017-03-16,ADANITRANS.NS,0,152.90519520925363,0,4505.623683641337,B
39,2017-03-28,ADANITRANS.NS,9571.864986784465,0,-428.13501321553485,4505.623683641337,S
40,2017-03-30,ADANITRANS.NS,0,147.25946133514563,0,4505.623683641337,B
41,2016-04-04,AMBUJACEM.NS,10000,0,0,0,S
42,2016-05-27,AMBUJACEM.NS,0,43.43105320304017,0,0,B
43,2016-09-14,AMBUJACEM.NS,10000,0,1467.9690680985332,1467.9690680985332,S
44,2017-01-03,AMBUJACEM.NS,0,46.468402145958684,0,1467.9690680985332,B
45,2017-03-03,AMBUJACEM.NS,10000,0,473.97756007846874,1941.946628177002,S
46,2017-03-16,AMBUJACEM.NS,0,42.48088470383493,0,1941.946628177002,B
47,2017-03-28,AMBUJACEM.NS,9700.51028140345,0,-299.4897185965492,1941.946628177002,S
48,2017-03-30,AMBUJACEM.NS,0,41.45517214274979,0,1941.946628177002,B
49,2016-04-04,ASHOKLEY.NS,10000,0,0,0,S
50,2016-04-12,ASHOKLEY.NS,0,89.80691636312959,0,0,B
51,2016-04-21,ASHOKLEY.NS,9568.927212560417,0,-431.0727874395834,0,S
52,2016-05-31,ASHOKLEY.NS,0,87.82861386500298,0,0,B
53,2016-06-16,ASHOKLEY.NS,8730.164352197125,0,-1269.8356478028745,0,S
54,2016-10-20,ASHOKLEY.NS,0,101.86889921909375,0,0,B
55,2016-11-16,ASHOKLEY.NS,8047.643038308406,0,-1952.3569616915938,0,S
56,2017-01-02,ASHOKLEY.NS,0,99.3536177568939,0,0,B
57,2017-03-01,ASHOKLEY.NS,8862.342400711756,0,-1137.6575992882445,0,S
58,2016-04-04,ASIANPAINT.NS,0,11.284770890360434,0,0,B
59,2016-04-05,ASIANPAINT.NS,9816.057683472922,0,-183.94231652707822,0,S
60,2016-04-18,ASIANPAINT.NS,0,11.08908444205617,0,0,B
61,2016-05-02,ASIANPAINT.NS,9589.840090125375,0,-410.15990987462465,0,S
62,2016-05-06,ASIANPAINT.NS,0,10.786615175522101,0,0,B
63,2016-06-28,ASIANPAINT.NS,10000,0,573.0403267193124,573.0403267193124,S
64,2016-06-29,ASIANPAINT.NS,0,10.058338239003772,0,573.0403267193124,B
65,2016-10-21,ASIANPAINT.NS,10000,0,1602.2931586908508,2175.333485410163,S
66,2017-01-10,ASIANPAINT.NS,0,10.827198207379704,0,2175.333485410163,B
67,2016-04-04,AUROPHARMA.NS,0,13.263478795798527,0,0,B
68,2016-05-20,AUROPHARMA.NS,10000,0,214.20469682904513,214.20469682904513,S
69,2016-06-03,AUROPHARMA.NS,0,12.661433469939876,0,214.20469682904513,B
70,2016-06-09,AUROPHARMA.NS,9532.793568634761,0,-467.20643136523904,214.20469682904513,S
71,2016-07-07,AUROPHARMA.NS,0,12.496288751025673,0,214.20469682904513,B
72,2016-08-04,AUROPHARMA.NS,9384.088190125316,0,-615.911809874684,214.20469682904513,S
73,2016-08-25,AUROPHARMA.NS,0,11.880848870272967,0,214.20469682904513,B
74,2016-10-24,AUROPHARMA.NS,9723.287005491184,0,-276.71299450881634,214.20469682904513,S
75,2017-01-11,AUROPHARMA.NS,0,13.79385255884126,0,214.20469682904513,B
76,2017-02-01,AUROPHARMA.NS,9213.60398506001,0,-786.39601493999,214.20469682904513,S
77,2017-02-07,AUROPHARMA.NS,0,13.140702651703736,0,214.20469682904513,B
78,2017-02-10,AUROPHARMA.NS,8926.47915089338,0,-1073.5208491066205,214.20469682904513,S
79,2017-03-17,AUROPHARMA.NS,0,12.983025684499426,0,214.20469682904513,B
80,2017-03-30,AUROPHARMA.NS,8720.698510762464,0,-1279.3014892375359,214.20469682904513,S
81,2017-03-22,DMART.NS,10000,0,0,0,S
82,2017-03-31,DMART.NS,0,15.677667763197555,0,0,B
83,2016-04-04,AXISBANK.NS,10000,0,0,0,S
84,2016-04-18,AXISBANK.NS,0,22.459292532285232,0,0,B
85,2016-09-23,AXISBANK.NS,10000,0,2519.932896283688,2519.932896283688,S
86,2017-01-13,AXISBANK.NS,0,21.150592762660633,0,2519.932896283688,B
87,2017-03-22,AXISBANK.NS,10000,0,267.5555148195508,2787.488411103239,S
88,2016-04-04,BAJAJ-AUTO.NS,0,4.0845501889104465,0,0,B
89,2016-04-05,BAJAJ-AUTO.NS,9781.885418794038,0,-218.11458120596217,0,S
90,2016-04-12,BAJAJ-AUTO.NS,0,3.976861248516777,0,0,B
91,2016-05-05,BAJAJ-AUTO.NS,9756.433895168888,0,-243.56610483111217,0,S
92,2016-05-10,BAJAJ-AUTO.NS,0,3.8562216979414687,0,0,B
93,2016-05-19,BAJAJ-AUTO.NS,9391.634945959475,0,-608.3650540405251,0,S
94,2016-05-27,BAJAJ-AUTO.NS,0,3.663312838800239,0,0,B
95,2016-09-26,BAJAJ-AUTO.NS,10000,0,592.8357624201653,592.8357624201653,S
96,2016-12-08,BAJAJ-AUTO.NS,0,3.59893458883666,0,592.8357624201653,B
97,2016-12-13,BAJAJ-AUTO.NS,9570.10656044655,0,-429.89343955345066,592.8357624201653,S
98,2017-01-05,BAJAJ-AUTO.NS,0,3.5140933839841986,0,592.8357624201653,B
99,2017-03-30,BAJAJ-AUTO.NS,9919.758852152978,0,-80.24114784702215,592.8357624201653,S
100,2016-04-04,BAJFINANCE.NS,10000,0,0,0,S
101,2016-04-06,BAJFINANCE.NS,0,14.393563097378111,0,0,B
102,2016-04-25,BAJFINANCE.NS,9865.132384058636,0,-134.86761594136442,0,S
103,2016-05-06,BAJFINANCE.NS,0,13.580012643208574,0,0,B
104,2016-06-20,BAJFINANCE.NS,10000,0,239.12563386365036,239.12563386365036,S
105,2016-06-23,BAJFINANCE.NS,0,12.992243589342015,0,239.12563386365036,B
106,2016-10-05,BAJFINANCE.NS,10000,0,3956.91767585066,4196.04330971431,S
107,2016-10-18,BAJFINANCE.NS,0,8.949747365194158,0,4196.04330971431,B
108,2016-11-02,BAJFINANCE.NS,9127.39963189357,0,-872.6003681064303,4196.04330971431,S
109,2017-01-05,BAJFINANCE.NS,0,10.144373027945063,0,4196.04330971431,B
110,2016-04-04,BAJAJFINSV.NS,0,5.710043808136394,0,0,B
111,2016-05-20,BAJAJFINSV.NS,10000,0,305.48734373529624,305.48734373529624,S
112,2016-06-07,BAJAJFINSV.NS,0,5.328360197149327,0,305.48734373529624,B
113,2016-06-10,BAJAJFINSV.NS,9655.788061351072,0,-344.2119386489285,305.48734373529624,S
114,2016-06-15,BAJAJFINSV.NS,0,4.959570568733785,0,305.48734373529624,B
115,2016-11-09,BAJAJFINSV.NS,10000,0,5039.649528990234,5345.13687272553,S
116,2017-01-03,BAJAJFINSV.NS,0,3.314935548944748,0,5345.13687272553,B
117,2016-04-04,BAJAJHLDNG.NS,10000,0,0,0,S
118,2016-04-13,BAJAJHLDNG.NS,0,6.64650538397767,0,0,B
119,2016-04-28,BAJAJHLDNG.NS,9531.753208894179,0,-468.2467911058211,0,S
120,2016-05-12,BAJAJHLDNG.NS,0,6.306572088742314,0,0,B
121,2016-11-16,BAJAJHLDNG.NS,10000,0,2459.26366455027,2459.26366455027,S
122,2016-11-30,BAJAJHLDNG.NS,0,4.682853838139489,0,2459.26366455027,B
123,2016-12-02,BAJAJHLDNG.NS,9453.511185744093,0,-546.4888142559066,2459.26366455027,S
124,2017-01-17,BAJAJHLDNG.NS,0,4.9446929970782945,0,2459.26366455027,B
125,2017-01-23,BAJAJHLDNG.NS,9270.310672362475,0,-729.6893276375249,2459.26366455027,S
126,2017-01-25,BAJAJHLDNG.NS,0,4.809250254085812,0,2459.26366455027,B
127,2016-04-04,BANKBARODA.NS,10000,0,0,0,S
128,2016-04-13,BANKBARODA.NS,0,65.5952784531381,0,0,B
129,2016-05-05,BANKBARODA.NS,9754.017705800734,0,-245.9822941992661,0,S
130,2016-05-10,BANKBARODA.NS,0,61.96961933947442,0,0,B
131,2016-05-16,BANKBARODA.NS,8818.27702112348,0,-1181.7229788765198,0,S
132,2016-06-09,BANKBARODA.NS,0,59.16321261705256,0,0,B
133,2016-07-28,BANKBARODA.NS,9140.71634933462,0,-859.2836506653803,0,S
134,2016-08-09,BANKBARODA.NS,0,57.68833401947266,0,0,B
135,2016-08-11,BANKBARODA.NS,8419.612174091211,0,-1580.3878259087887,0,S
136,2016-08-19,BANKBARODA.NS,0,52.08544690377699,0,0,B
137,2016-10-10,BANKBARODA.NS,8435.237967114514,0,-1564.7620328854864,0,S
138,2016-11-15,BANKBARODA.NS,0,48.394938723034315,0,0,B
139,2016-12-07,BANKBARODA.NS,7622.202848877904,0,-2377.797151122096,0,S
140,2017-01-13,BANKBARODA.NS,0,48.31824309906754,0,0,B
141,2017-02-23,BANKBARODA.NS,8124.712282197054,0,-1875.2877178029457,0,S
142,2017-03-27,BANKBARODA.NS,0,47.154452340644724,0,0,B
143,2016-04-04,BERGEPAINT.NS,10000,0,0,0,S
144,2016-04-05,BERGEPAINT.NS,0,56.921999506831185,0,0,B
145,2016-04-06,BERGEPAINT.NS,9896.287762525753,0,-103.71223747424665,0,S
146,2016-04-07,BERGEPAINT.NS,0,56.14915042567803,0,0,B
147,2016-06-27,BERGEPAINT.NS,10000,0,991.1961958264746,991.1961958264746,S
148,2016-07-08,BERGEPAINT.NS,0,47.11425206124853,0,991.1961958264746,B
149,2016-10-25,BERGEPAINT.NS,10000,0,2146.0536062647243,3137.249802091199,S
150,2017-01-05,BERGEPAINT.NS,0,46.73989316493963,0,3137.249802091199,B
151,2017-01-24,BERGEPAINT.NS,9817.714701934403,0,-182.2852980655971,3137.249802091199,S
152,2017-01-25,BERGEPAINT.NS,0,46.04931914852614,0,3137.249802091199,B
153,2017-01-27,BERGEPAINT.NS,9723.313457148555,0,-276.68654285144476,3137.249802091199,S
154,2017-02-02,BERGEPAINT.NS,0,43.75928708681954,0,3137.249802091199,B
155,2016-04-04,BPCL.NS,10000,0,0,0,S
156,2016-04-05,BPCL.NS,0,33.69272375770934,0,0,B
157,2016-04-07,BPCL.NS,9939.926227247797,0,-60.073772752202785,0,S
158,2016-04-08,BPCL.NS,0,33.14601485549029,0,0,B
159,2016-05-10,BPCL.NS,10000,0,245.99681974579107,245.99681974579107,S
160,2016-05-27,BPCL.NS,0,29.644297380937907,0,245.99681974579107,B
161,2016-09-12,BPCL.NS,10000,0,1183.81508935266,1429.811909098451,S
162,2016-09-22,BPCL.NS,0,25.050099434400433,0,1429.811909098451,B
163,2016-11-16,BPCL.NS,10000,0,590.3553447729391,2020.1672538713901,S
164,2017-01-02,BPCL.NS,0,23.4192037470726,0,2020.1672538713901,B
165,2017-03-01,BPCL.NS,10000,0,295.8546980203464,2316.0219518917365,S
166,2016-04-04,BHARTIARTL.NS,0,31.25146634306343,0,0,B
167,2016-04-05,BHARTIARTL.NS,9483.507717685423,0,-516.4922823145771,0,S
168,2016-04-11,BHARTIARTL.NS,0,29.658575172578878,0,0,B
169,2016-05-17,BHARTIARTL.NS,9563.8224658525,0,-436.1775341475004,0,S
170,2016-06-02,BHARTIARTL.NS,0,28.44369441715523,0,0,B
171,2016-06-07,BHARTIARTL.NS,9118.536464473242,0,-881.4635355267583,0,S
172,2016-06-20,BHARTIARTL.NS,0,27.2458634744096,0,0,B
173,2016-08-03,BHARTIARTL.NS,8977.185244055469,0,-1022.8147559445315,0,S
174,2016-11-29,BHARTIARTL.NS,0,30.097514247884924,0,0,B
175,2016-12-20,BHARTIARTL.NS,8360.939374632619,0,-1639.0606253673814,0,S
176,2017-01-06,BHARTIARTL.NS,0,28.478476685319077,0,0,B
177,2017-03-20,BHARTIARTL.NS,9136.237396102732,0,-863.7626038972685,0,S
178,2016-04-04,INFRATEL.NS,10000,0,0,0,S
179,2016-04-12,INFRATEL.NS,0,25.99090318388564,0,0,B
180,2016-04-22,INFRATEL.NS,9660.81903072206,0,-339.1809692779407,0,S
181,2016-05-16,INFRATEL.NS,0,25.080007073129877,0,0,B
182,2016-06-07,INFRATEL.NS,9384.93895291763,0,-615.0610470823704,0,S
183,2016-07-19,INFRATEL.NS,0,26.30308092488834,0,0,B
184,2016-08-16,INFRATEL.NS,9207.393156674632,0,-792.6068433253677,0,S
185,2016-09-21,INFRATEL.NS,0,24.70788489864375,0,0,B
186,2016-10-28,INFRATEL.NS,8540.28026441125,0,-1459.7197355887492,0,S
187,2016-11-03,INFRATEL.NS,0,22.42131898466821,0,0,B
188,2016-11-07,INFRATEL.NS,7968.536630302212,0,-2031.463369697788,0,S
189,2016-11-10,INFRATEL.NS,0,20.563965497554097,0,0,B
190,2016-11-17,INFRATEL.NS,7379.3791443097725,0,-2620.6208556902275,0,S
191,2016-11-30,INFRATEL.NS,0,19.654758035380283,0,0,B
192,2016-12-12,INFRATEL.NS,6910.61304520283,0,-3089.38695479717,0,S
193,2017-01-12,INFRATEL.NS,0,19.25766456085655,0,0,B
194,2017-01-30,INFRATEL.NS,6329.994576232461,0,-3670.0054237675386,0,S
195,2017-03-21,INFRATEL.NS,0,20.194590300578934,0,0,B
196,2016-04-04,BIOCON.NS,0,121.95121951219512,0,0,B
197,2016-07-18,BIOCON.NS,10000,0,4111.829618128335,4111.829618128335,S
198,2016-07-22,BIOCON.NS,0,74.10152075687213,0,4111.829618128335,B
199,2016-10-27,BIOCON.NS,10000,0,1372.7313504407412,5484.560968569076,S
200,2016-12-02,BIOCON.NS,0,65.64910684618529,0,5484.560968569076,B
201,2016-04-04,BOSCHLTD.NS,0,0.4979559007531097,0,0,B
202,2016-04-05,BOSCHLTD.NS,9866.547818598166,0,-133.4521814018335,0,S
203,2016-04-12,BOSCHLTD.NS,0,0.49400665007375977,0,0,B
204,2016-05-03,BOSCHLTD.NS,9601.661838771312,0,-398.3381612286885,0,S
205,2016-05-12,BOSCHLTD.NS,0,0.45885641223275686,0,0,B
206,2016-06-27,BOSCHLTD.NS,9604.185549038591,0,-395.8144509614085,0,S
207,2016-06-29,BOSCHLTD.NS,0,0.42334925548484087,0,0,B
208,2016-08-22,BOSCHLTD.NS,10000,0,31.514452895791692,31.514452895791692,S
209,2016-09-07,BOSCHLTD.NS,0,0.4120703784013311,0,31.514452895791692,B
210,2016-09-12,BOSCHLTD.NS,9676.030590430855,0,-323.9694095691448,31.514452895791692,S
211,2016-12-08,BOSCHLTD.NS,0,0.4624678945772694,0,31.514452895791692,B
212,2016-12-16,BOSCHLTD.NS,9306.426610387743,0,-693.5733896122565,31.514452895791692,S
213,2016-12-30,BOSCHLTD.NS,0,0.44211261990258865,0,31.514452895791692,B
214,2017-02-22,BOSCHLTD.NS,9753.534584794505,0,-246.46541520549545,31.514452895791692,S
215,2017-03-10,BOSCHLTD.NS,0,0.4285158480032912,0,31.514452895791692,B
216,2016-04-04,BRITANNIA.NS,10000,0,0,0,S
217,2016-04-06,BRITANNIA.NS,0,7.387706989039554,0,0,B
218,2016-05-24,BRITANNIA.NS,9803.709022101888,0,-196.29097789811203,0,S
219,2016-07-01,BRITANNIA.NS,0,6.981952677167011,0,0,B
220,2016-10-13,BRITANNIA.NS,10000,0,1609.0321508297384,1609.0321508297384,S
221,2017-01-12,BRITANNIA.NS,0,6.784720696354844,0,1609.0321508297384,B
222,2017-03-03,BRITANNIA.NS,10000,0,505.32586495043324,2114.3580157801716,S
223,2017-03-17,BRITANNIA.NS,0,6.158469632324628,0,2114.3580157801716,B
224,2016-04-04,CADILAHC.NS,10000,0,0,0,S
225,2016-04-08,CADILAHC.NS,0,31.0945267730537,0,0,B
226,2016-05-05,CADILAHC.NS,9978.233451687003,0,-21.766548312996747,0,S
227,2016-05-10,CADILAHC.NS,0,29.928715160040145,0,0,B
228,2016-05-18,CADILAHC.NS,9577.188851212846,0,-422.8111487871538,0,S
229,2016-05-30,CADILAHC.NS,0,28.665635068098457,0,0,B
230,2016-06-07,CADILAHC.NS,9152.936927321534,0,-847.0630726784657,0,S
231,2016-06-30,CADILAHC.NS,0,27.888289417697482,0,0,B
232,2016-11-08,CADILAHC.NS,10000,0,448.34746012375217,448.34746012375217,S
233,2016-11-28,CADILAHC.NS,0,24.3397830143404,0,448.34746012375217,B
234,2016-12-14,CADILAHC.NS,9346.476677506715,0,-653.5233224932854,448.34746012375217,S
235,2017-01-30,CADILAHC.NS,0,24.860955909105595,0,448.34746012375217,B
236,2017-01-31,CADILAHC.NS,8715.007790458501,0,-1284.9922095414986,448.34746012375217,S
237,2017-02-03,CADILAHC.NS,0,23.873464133358784,0,448.34746012375217,B
238,2016-04-04,CIPLA.NS,10000,0,0,0,S
239,2016-04-18,CIPLA.NS,0,19.080329070460497,0,0,B
240,2016-05-18,CIPLA.NS,10000,0,8.586380995880972,8.586380995880972,S
241,2016-06-28,CIPLA.NS,0,20.106564546655814,0,8.586380995880972,B
242,2016-10-10,CIPLA.NS,10000,0,1674.8771948986214,1683.4635758945024,S
243,2016-10-18,CIPLA.NS,0,16.87051876845213,0,1683.4635758945024,B
244,2016-10-25,CIPLA.NS,9860.81822016027,0,-139.18177983972964,1683.4635758945024,S
245,2016-11-30,CIPLA.NS,0,17.403492137398896,0,1683.4635758945024,B
246,2016-12-22,CIPLA.NS,9770.320910825685,0,-229.67908917431487,1683.4635758945024,S
247,2016-12-23,CIPLA.NS,0,16.77884443696645,0,1683.4635758945024,B
248,2016-12-26,CIPLA.NS,9311.41992511441,0,-688.5800748855909,1683.4635758945024,S
249,2017-01-03,CIPLA.NS,0,16.231882731331318,0,1683.4635758945024,B
250,2016-04-04,COALINDIA.NS,10000,0,0,0,S
251,2016-04-21,COALINDIA.NS,0,34.75238922675934,0,0,B
252,2016-05-13,COALINDIA.NS,9781.060372094918,0,-218.93962790508158,0,S
253,2016-05-18,COALINDIA.NS,0,34.446416452214955,0,0,B
254,2016-05-19,COALINDIA.NS,9655.33011106737,0,-344.6698889326308,0,S
255,2016-05-30,COALINDIA.NS,0,33.00403525533638,0,0,B
256,2016-09-09,COALINDIA.NS,10000,0,963.9409147040369,963.9409147040369,S
257,2016-11-01,COALINDIA.NS,0,30.298440750958985,0,963.9409147040369,B
258,2016-11-08,COALINDIA.NS,9606.120270237534,0,-393.879729762466,963.9409147040369,S
259,2016-11-10,COALINDIA.NS,0,28.82989171161508,0,963.9409147040369,B
260,2016-11-15,COALINDIA.NS,9042.495359384375,0,-957.5046406156252,963.9409147040369,S
261,2017-01-04,COALINDIA.NS,0,29.53616050843963,0,963.9409147040369,B
262,2017-03-14,COALINDIA.NS,8711.690902513103,0,-1288.3090974868974,963.9409147040369,S
263,2016-04-04,COLPAL.NS,0,11.894849357439279,0,0,B
264,2016-04-05,COLPAL.NS,9885.809010566189,0,-114.19098943381141,0,S
265,2016-04-18,COLPAL.NS,0,11.68328159939706,0,0,B
266,2016-05-13,COLPAL.NS,9774.817835371916,0,-225.18216462808414,0,S
267,2016-05-30,COLPAL.NS,0,11.448603859364466,0,0,B
268,2016-08-29,COLPAL.NS,10000,0,737.0728499980341,737.0728499980341,S
269,2016-09-06,COLPAL.NS,0,10.253781081773905,0,737.0728499980341,B
270,2016-10-13,COLPAL.NS,9563.701740138747,0,-436.2982598612525,737.0728499980341,S
271,2016-11-04,COLPAL.NS,0,9.717727483503065,0,737.0728499980341,B
272,2016-11-15,COLPAL.NS,8889.776983284,0,-1110.2230167159996,737.0728499980341,S
273,2017-01-18,COLPAL.NS,0,9.711888589491075,0,737.0728499980341,B
274,2017-01-24,COLPAL.NS,8729.04534568125,0,-1270.9546543187498,737.0728499980341,S
275,2017-02-17,COLPAL.NS,0,9.576571964543335,0,737.0728499980341,B
276,2017-03-02,COLPAL.NS,8544.217623667077,0,-1455.7823763329234,737.0728499980341,S
277,2017-03-03,COLPAL.NS,0,9.385640525961104,0,737.0728499980341,B
278,2016-04-04,CONCOR.NS,0,24.52519299705747,0,0,B
279,2016-04-05,CONCOR.NS,9848.532533789688,0,-151.4674662103116,0,S
280,2016-04-06,CONCOR.NS,0,24.233594197095986,0,0,B
281,2016-04-11,CONCOR.NS,9748.884006284039,0,-251.11599371596094,0,S
282,2016-04-12,CONCOR.NS,0,24.025284843908576,0,0,B
283,2016-05-11,CONCOR.NS,10000,0,4.128462364829829,4.128462364829829,S
284,2016-05-13,CONCOR.NS,0,23.284405857540197,0,4.128462364829829,B
285,2016-06-10,CONCOR.NS,10000,0,103.569702360659,107.69816472548882,S
286,2016-06-29,CONCOR.NS,0,21.535387423381064,0,107.69816472548882,B
287,2016-08-12,CONCOR.NS,9630.969895542066,0,-369.0301044579337,107.69816472548882,S
288,2016-10-03,CONCOR.NS,0,21.730527144126448,0,107.69816472548882,B
289,2016-10-17,CONCOR.NS,9188.709766764532,0,-811.2902332354679,107.69816472548882,S
290,2016-11-01,CONCOR.NS,0,20.95200159138289,0,107.69816472548882,B
291,2016-11-15,CONCOR.NS,8744.862764546833,0,-1255.1372354531668,107.69816472548882,S
292,2017-01-05,CONCOR.NS,0,23.2714775340117,0,107.69816472548882,B
293,2017-02-23,CONCOR.NS,8835.714419668171,0,-1164.285580331829,107.69816472548882,S
294,2017-03-06,CONCOR.NS,0,22.30249821799411,0,107.69816472548882,B
295,2016-04-04,DLF.NS,10000,0,0,0,S
296,2016-04-11,DLF.NS,0,82.85004351978681,0,0,B
297,2016-05-23,DLF.NS,10000,0,45.56777677415084,45.56777677415084,S
298,2016-05-27,DLF.NS,0,77.54943960187754,0,45.56777677415084,B
299,2016-08-31,DLF.NS,10000,0,2008.5311956749538,2054.0989724491046,S
300,2016-10-06,DLF.NS,0,64.45375696677095,0,2054.0989724491046,B
301,2016-10-13,DLF.NS,9523.042591840409,0,-476.95740815959107,2054.0989724491046,S
302,2016-10-21,DLF.NS,0,60.986506334117855,0,2054.0989724491046,B
303,2016-10-27,DLF.NS,9059.545702049254,0,-940.454297950746,2054.0989724491046,S
304,2017-01-04,DLF.NS,0,72.18761515577094,0,2054.0989724491046,B
305,2016-04-04,DABUR.NS,10000,0,0,0,S
306,2016-04-08,DABUR.NS,0,39.99200111159407,0,0,B
307,2016-07-22,DABUR.NS,10000,0,2301.53978601814,2301.53978601814,S
308,2016-10-26,DABUR.NS,0,33.70407680678558,0,2301.53978601814,B
309,2016-11-15,DABUR.NS,9125.378795437196,0,-874.6212045628035,2301.53978601814,S
310,2017-01-05,DABUR.NS,0,32.72504427362158,0,2301.53978601814,B
311,2017-02-03,DABUR.NS,8776.857273660946,0,-1223.1427263390542,2301.53978601814,S
312,2017-03-01,DABUR.NS,0,31.782934881943095,0,2301.53978601814,B
313,2016-04-04,DIVISLAB.NS,0,9.895112053809504,0,0,B
314,2016-04-06,DIVISLAB.NS,9847.121001928412,0,-152.87899807158828,0,S
315,2016-04-08,DIVISLAB.NS,0,9.71643483479164,0,0,B
316,2016-05-24,DIVISLAB.NS,10000,0,10.356988544086562,10.356988544086562,S
317,2016-05-27,DIVISLAB.NS,0,9.219563707106436,0,10.356988544086562,B
318,2016-10-04,DIVISLAB.NS,10000,0,1972.9866333207774,1983.343621864864,S
319,2017-02-23,DIVISLAB.NS,0,13.341338353489606,0,1983.343621864864,B
320,2017-03-21,DIVISLAB.NS,8464.412281229615,0,-1535.5877187703845,1983.343621864864,S
321,2016-04-04,DRREDDY.NS,0,3.320328712542542,0,0,B
322,2016-05-03,DRREDDY.NS,9826.015099713622,0,-173.98490028637752,0,S
323,2016-05-23,DRREDDY.NS,0,3.2431232891141306,0,0,B
324,2016-06-17,DRREDDY.NS,9738.936922689649,0,-261.0630773103512,0,S
325,2016-06-23,DRREDDY.NS,0,3.0707183467869745,0,0,B
326,2016-07-27,DRREDDY.NS,9151.354667157122,0,-848.6453328428779,0,S
327,2016-09-06,DRREDDY.NS,0,2.920909185788482,0,0,B
328,2016-10-06,DRREDDY.NS,8988.075415803989,0,-1011.924584196011,0,S
329,2016-10-26,DRREDDY.NS,0,2.7721294391160924,0,0,B
330,2016-11-22,DRREDDY.NS,8653.617592900984,0,-1346.3824070990158,0,S
331,2016-12-01,DRREDDY.NS,0,2.671900453230717,0,0,B
332,2016-12-05,DRREDDY.NS,8464.981159975117,0,-1535.0188400248826,0,S
333,2016-12-06,DRREDDY.NS,0,2.648700340635583,0,0,B
334,2016-12-12,DRREDDY.NS,8337.843543624609,0,-1662.156456375391,0,S
335,2017-02-03,DRREDDY.NS,0,2.6515219710787754,0,0,B
336,2017-02-10,DRREDDY.NS,7891.062091497835,0,-2108.9379085021646,0,S
337,2016-04-04,EICHERMOT.NS,0,0.5127179589579288,0,0,B
338,2016-04-05,EICHERMOT.NS,9606.027320056275,0,-393.97267994372487,0,S
339,2016-04-11,EICHERMOT.NS,0,0.4954395105717816,0,0,B
340,2016-05-13,EICHERMOT.NS,9409.783923449851,0,-590.2160765501485,0,S
341,2016-06-28,EICHERMOT.NS,0,0.4909546203436007,0,0,B
342,2016-10-28,EICHERMOT.NS,10000,0,1792.7299806532883,1792.7299806532883,S
343,2016-12-08,EICHERMOT.NS,0,0.43011121231045496,0,1792.7299806532883,B
344,2016-12-15,EICHERMOT.NS,9253.972102247517,0,-746.0278977524831,1792.7299806532883,S
345,2017-01-03,EICHERMOT.NS,0,0.41127486805103874,0,1792.7299806532883,B
346,2017-03-03,EICHERMOT.NS,9496.04913219934,0,-503.9508678006605,1792.7299806532883,S
347,2017-03-17,EICHERMOT.NS,0,0.3845893299678889,0,1792.7299806532883,B
348,2016-04-04,GAIL.NS,0,102.11240201523039,0,0,B
349,2016-04-05,GAIL.NS,9751.580918461605,0,-248.4190815383954,0,S
350,2016-04-11,GAIL.NS,0,98.5147486760627,0,0,B
351,2016-06-03,GAIL.NS,10000,0,258.63664256617994,258.63664256617994,S
352,2016-06-16,GAIL.NS,0,92.992111576912,0,258.63664256617994,B
353,2016-08-01,GAIL.NS,9938.53192478247,0,-61.468075217529986,258.63664256617994,S
354,2016-08-31,GAIL.NS,0,92.0473077607734,0,258.63664256617994,B
355,2016-09-27,GAIL.NS,9657.603361716692,0,-342.39663828330777,258.63664256617994,S
356,2016-10-04,GAIL.NS,0,85.32280616084464,0,258.63664256617994,B
357,2016-11-22,GAIL.NS,9947.956860666665,0,-52.04313933333469,258.63664256617994,S
358,2016-12-02,GAIL.NS,0,81.70605237911255,0,258.63664256617994,B
359,2016-12-14,GAIL.NS,9630.855940678179,0,-369.14405932182126,258.63664256617994,S
360,2016-12-23,GAIL.NS,0,79.34924450662417,0,258.63664256617994,B
361,2017-03-21,GAIL.NS,10000,0,1018.6746629774552,1277.3113055436352,S
362,2016-04-04,GODREJCP.NS,0,21.107422078938075,0,0,B
363,2016-04-05,GODREJCP.NS,9515.58440562941,0,-484.41559437059004,0,S
364,2016-05-11,GODREJCP.NS,0,20.455571508351245,0,0,B
365,2016-08-04,GODREJCP.NS,10000,0,812.1404050491419,812.1404050491419,S
366,2016-09-06,GODREJCP.NS,0,18.48370655175421,0,812.1404050491419,B
367,2016-09-30,GODREJCP.NS,9775.718090984195,0,-224.28190901580456,812.1404050491419,S
368,2016-10-03,GODREJCP.NS,0,17.894413892406856,0,812.1404050491419,B
369,2016-10-14,GODREJCP.NS,9383.240208157267,0,-616.7597918427327,812.1404050491419,S
370,2016-12-29,GODREJCP.NS,0,18.937562289308147,0,812.1404050491419,B
371,2016-04-04,GRASIM.NS,0,16.644530172985675,0,0,B
372,2016-04-05,GRASIM.NS,9889.497346160511,0,-110.50265383948863,0,S
373,2016-04-06,GRASIM.NS,0,16.31588283499178,0,0,B
374,2016-08-16,GRASIM.NS,10000,0,1335.2803479680642,1335.2803479680642,S
375,2016-09-15,GRASIM.NS,0,13.652734888454056,0,1335.2803479680642,B
376,2016-10-27,GRASIM.NS,10000,0,136.84150178083837,1472.1218497489026,S
377,2016-12-09,GRASIM.NS,0,14.698209445178477,0,1472.1218497489026,B
378,2016-12-12,GRASIM.NS,9811.010846388639,0,-188.98915361136096,1472.1218497489026,S
379,2017-01-03,GRASIM.NS,0,14.573910501950122,0,1472.1218497489026,B
380,2016-04-04,HCLTECH.NS,0,23.813776961827752,0,0,B
381,2016-04-28,HCLTECH.NS,9524.320386578529,0,-475.679613421471,0,S
382,2016-06-13,HCLTECH.NS,0,25.275180993945742,0,0,B
383,2016-06-28,HCLTECH.NS,9013.129696708515,0,-986.8703032914855,0,S
384,2016-07-27,HCLTECH.NS,0,23.923370130613176,0,0,B
385,2016-08-29,HCLTECH.NS,9032.268100779678,0,-967.7318992203218,0,S
386,2016-09-07,HCLTECH.NS,0,22.950751825537345,0,0,B
387,2016-09-08,HCLTECH.NS,8881.367327767586,0,-1118.6326722324138,0,S
388,2016-09-19,HCLTECH.NS,0,22.51154544114354,0,0,B
389,2016-10-27,HCLTECH.NS,8715.344680139151,0,-1284.655319860849,0,S
390,2016-11-29,HCLTECH.NS,0,21.644964143175283,0,0,B
391,2017-02-01,HCLTECH.NS,8808.959414279137,0,-1191.0405857208625,0,S
392,2017-02-16,HCLTECH.NS,0,20.849608081134054,0,0,B
393,2016-04-04,HDFCBANK.NS,0,18.708198013669865,0,0,B
394,2016-04-05,HDFCBANK.NS,9891.491538034483,0,-108.5084619655172,0,S
395,2016-04-11,HDFCBANK.NS,0,18.472369371156567,0,0,B
396,2016-10-13,HDFCBANK.NS,10000,0,1662.9922117139777,1662.9922117139777,S
397,2017-01-02,HDFCBANK.NS,0,16.707042358939752,0,1662.9922117139777,B
398,2017-01-03,HDFCBANK.NS,9939.855055394593,0,-60.144944605406636,1662.9922117139777,S
399,2017-01-09,HDFCBANK.NS,0,16.632957599519177,0,1662.9922117139777,B
400,2016-04-04,HAVELLS.NS,0,31.431715203029906,0,0,B
401,2016-05-03,HAVELLS.NS,10000,0,344.17766516110714,344.17766516110714,S
402,2016-05-06,HAVELLS.NS,0,29.31691533586558,0,344.17766516110714,B
403,2016-06-29,HAVELLS.NS,10000,0,470.5361332681405,814.7137984292476,S
404,2016-07-01,HAVELLS.NS,0,27.262814429656565,0,814.7137984292476,B
405,2016-07-11,HAVELLS.NS,9749.182606444201,0,-250.81739355579884,814.7137984292476,S
406,2016-07-20,HAVELLS.NS,0,26.618928618277682,0,814.7137984292476,B
407,2016-09-22,HAVELLS.NS,10000,0,899.1206476918906,1713.8344461211382,S
408,2016-09-28,HAVELLS.NS,0,23.85211687537269,0,1713.8344461211382,B
409,2016-09-29,HAVELLS.NS,9754.323487347197,0,-245.67651265280256,1713.8344461211382,S
410,2016-09-30,HAVELLS.NS,0,23.32454137404063,0,1713.8344461211382,B
411,2016-10-21,HAVELLS.NS,9619.040720292654,0,-380.95927970734556,1713.8344461211382,S
412,2017-01-04,HAVELLS.NS,0,27.39296849632939,0,1713.8344461211382,B
413,2017-02-28,HAVELLS.NS,10000,0,1124.2846735527764,2838.1191196739146,S
414,2017-03-02,HAVELLS.NS,0,23.758612841556342,0,2838.1191196739146,B
415,2016-04-04,HEROMOTOCO.NS,0,3.3515434405769957,0,0,B
416,2016-04-08,HEROMOTOCO.NS,9772.095046040764,0,-227.90495395923608,0,S
417,2016-04-12,HEROMOTOCO.NS,0,3.2024431671533398,0,0,B
418,2016-04-26,HEROMOTOCO.NS,9389.08331235711,0,-610.9166876428899,0,S
419,2016-05-27,HEROMOTOCO.NS,0,3.1270885303437503,0,0,B
420,2016-09-29,HEROMOTOCO.NS,10000,0,720.4412541509628,720.4412541509628,S
421,2016-10-04,HEROMOTOCO.NS,0,2.8293744885746737,0,720.4412541509628,B
422,2016-10-06,HEROMOTOCO.NS,9829.95431693056,0,-170.0456830694402,720.4412541509628,S
423,2016-10-13,HEROMOTOCO.NS,0,2.80811706155189,0,720.4412541509628,B
424,2016-10-17,HEROMOTOCO.NS,9563.04265311496,0,-436.95734688503944,720.4412541509628,S
425,2016-12-06,HEROMOTOCO.NS,0,2.991301959422145,0,720.4412541509628,B
426,2016-12-19,HEROMOTOCO.NS,9294.423591099185,0,-705.5764089008153,720.4412541509628,S
427,2017-01-17,HEROMOTOCO.NS,0,2.9669525420460774,0,720.4412541509628,B
428,2017-02-17,HEROMOTOCO.NS,9159.575742933921,0,-840.424257066079,720.4412541509628,S
429,2017-03-02,HEROMOTOCO.NS,0,2.8363966198364947,0,720.4412541509628,B
430,2016-04-04,HINDALCO.NS,0,112.23344748882884,0,0,B
431,2016-04-05,HINDALCO.NS,9528.61986305622,0,-471.3801369437806,0,S
432,2016-04-06,HINDALCO.NS,0,107.1233298478997,0,0,B
433,2016-05-05,HINDALCO.NS,9689.304857828069,0,-310.69514217193137,0,S
434,2016-05-30,HINDALCO.NS,0,94.11661141378507,0,0,B
435,2016-09-15,HINDALCO.NS,10000,0,3698.6730784975207,3698.6730784975207,S
436,2016-09-26,HINDALCO.NS,0,65.10416407965961,0,3698.6730784975207,B
437,2016-09-27,HINDALCO.NS,9768.880018835065,0,-231.11998116493487,3698.6730784975207,S
438,2016-09-28,HINDALCO.NS,0,62.261825359152894,0,3698.6730784975207,B
439,2016-10-24,HINDALCO.NS,9392.196735444239,0,-607.8032645557614,3698.6730784975207,S
440,2016-11-02,HINDALCO.NS,0,60.014036648205995,0,3698.6730784975207,B
441,2016-12-21,HINDALCO.NS,10000,0,130.36956936547722,3829.042647862998,S
442,2017-01-12,HINDALCO.NS,0,56.49717514124294,0,3829.042647862998,B
443,2017-02-27,HINDALCO.NS,10000,0,211.8644067796613,4040.907054642659,S
444,2017-03-01,HINDALCO.NS,0,52.84015852047556,0,4040.907054642659,B
445,2016-04-04,HINDPETRO.NS,10000,0,0,0,S
446,2016-04-05,HINDPETRO.NS,0,56.38027227294329,0,0,B
447,2016-05-05,HINDPETRO.NS,10000,0,262.4500986069761,262.4500986069761,S
448,2016-05-18,HINDPETRO.NS,0,53.39341830960166,0,262.4500986069761,B
449,2016-05-20,HINDPETRO.NS,9874.2049565543,0,-125.79504344569978,262.4500986069761,S
450,2016-05-27,HINDPETRO.NS,0,47.693868752788624,0,262.4500986069761,B
451,2016-08-26,HINDPETRO.NS,10000,0,2510.101191655909,2772.5512902628852,S
452,2016-08-31,HINDPETRO.NS,0,36.92462330810504,0,2772.5512902628852,B
453,2016-12-05,HINDPETRO.NS,10000,0,635.5096376669935,3408.0609279298787,S
454,2017-01-03,HINDPETRO.NS,0,32.306734141941604,0,3408.0609279298787,B
455,2017-03-02,HINDPETRO.NS,10000,0,931.5328533793072,4339.593781309186,S
456,2016-04-04,HINDUNILVR.NS,0,11.465260100943834,0,0,B
457,2016-04-07,HINDUNILVR.NS,9860.123686811698,0,-139.87631318830245,0,S
458,2016-04-13,HINDUNILVR.NS,0,10.983762451523411,0,0,B
459,2016-05-02,HINDUNILVR.NS,9489.421704072782,0,-510.5782959272183,0,S
460,2016-06-02,HINDUNILVR.NS,0,10.929994898237725,0,0,B
461,2016-08-26,HINDUNILVR.NS,9886.180385456022,0,-113.81961454397788,0,S
462,2016-09-01,HINDUNILVR.NS,0,10.67852723677807,0,0,B
463,2016-09-16,HINDUNILVR.NS,9735.613412123683,0,-264.3865878763172,0,S
464,2016-12-01,HINDUNILVR.NS,0,11.479322830303724,0,0,B
465,2016-12-14,HINDUNILVR.NS,9433.707361815148,0,-566.292638184852,0,S
466,2017-01-05,HINDUNILVR.NS,0,11.322939549152247,0,0,B
467,2016-04-04,HINDZINC.NS,0,53.13496366713624,0,0,B
468,2016-04-06,HINDZINC.NS,8618.490944654457,0,-1381.509055345543,0,S
469,2016-04-22,HINDZINC.NS,0,50.078388373040276,0,0,B
470,2016-05-05,HINDZINC.NS,8400.649649577506,0,-1599.3503504224936,0,S
471,2016-05-31,HINDZINC.NS,0,49.19853381890194,0,0,B
472,2016-09-16,HINDZINC.NS,10000,0,420.24961298544076,420.24961298544076,S
473,2016-09-23,HINDZINC.NS,0,43.9657073386357,0,420.24961298544076,B
474,2016-11-16,HINDZINC.NS,10000,0,461.639927055674,881.8895400411147,S
475,2016-11-23,HINDZINC.NS,0,38.78976134021656,0,881.8895400411147,B
476,2016-12-22,HINDZINC.NS,10000,0,122.18869523733883,1004.0782352784536,S
477,2017-01-11,HINDZINC.NS,0,35.95182534399615,0,1004.0782352784536,B
478,2017-03-09,HINDZINC.NS,10000,0,469.1719790367333,1473.250214315187,S
479,2017-03-20,HINDZINC.NS,0,32.11819432781789,0,1473.250214315187,B
480,2017-03-31,HINDZINC.NS,9275.734129806004,0,-724.2658701939963,1473.250214315187,S
481,2016-04-04,HDFC.NS,10000,0,0,0,S
482,2016-04-18,HDFC.NS,0,8.830801646418454,0,0,B
483,2016-04-29,HDFC.NS,9611.88562085268,0,-388.1143791473205,0,S
484,2016-05-05,HDFC.NS,0,8.267221794191038,0,0,B
485,2016-10-13,HDFC.NS,10000,0,1068.9834620788497,1068.9834620788497,S
486,2016-11-02,HDFC.NS,0,7.120732135041834,0,1068.9834620788497,B
487,2016-11-10,HDFC.NS,9431.76609716166,0,-568.2339028383394,1068.9834620788497,S
488,2017-01-18,HDFC.NS,0,7.551151457870456,0,1068.9834620788497,B
489,2016-04-04,ICICIBANK.NS,0,46.07339530679309,0,0,B
490,2016-04-05,ICICIBANK.NS,9449.238874342927,0,-550.7611256570726,0,S
491,2016-04-13,ICICIBANK.NS,0,43.191980228427305,0,0,B
492,2016-05-03,ICICIBANK.NS,8681.588025913888,0,-1318.4119740861115,0,S
493,2016-05-26,ICICIBANK.NS,0,39.60090603673815,0,0,B
494,2016-06-24,ICICIBANK.NS,8314.408299454783,0,-1685.5917005452175,0,S
495,2016-07-04,ICICIBANK.NS,0,36.85611648284607,0,0,B
496,2016-08-03,ICICIBANK.NS,8111.699658799129,0,-1888.3003412008711,0,S
497,2016-08-31,ICICIBANK.NS,0,34.58483328199642,0,0,B
498,2016-09-29,ICICIBANK.NS,7871.196909692726,0,-2128.803090307274,0,S
499,2016-10-20,ICICIBANK.NS,0,31.18985655318646,0,0,B
500,2016-11-18,ICICIBANK.NS,7502.563987475904,0,-2497.4360125240964,0,S
501,2017-01-11,ICICIBANK.NS,0,31.17806121278196,0,0,B
502,2017-03-07,ICICIBANK.NS,7822.85605427227,0,-2177.14394572773,0,S
503,2017-03-15,ICICIBANK.NS,0,30.177629505070282,0,0,B
504,2017-03-21,ICICIBANK.NS,7463.470767642583,0,-2536.5292323574167,0,S
505,2017-03-30,ICICIBANK.NS,0,29.180057760926104,0,0,B
506,2016-09-30,ICICIPRULI.NS,0,32.232070910556004,0,0,B
507,2016-10-28,ICICIPRULI.NS,9946.81727972653,0,-53.182720273469386,0,S
508,2016-12-16,ICICIPRULI.NS,0,32.02968176046967,0,0,B
509,2016-12-27,ICICIPRULI.NS,9463.169867118091,0,-536.8301328819089,0,S
510,2017-01-03,ICICIPRULI.NS,0,30.228941817996258,0,0,B
511,2016-04-04,ITC.NS,10000,0,0,0,S
512,2016-04-18,ITC.NS,0,44.72271792054648,0,0,B
513,2016-04-25,ITC.NS,9569.185572392238,0,-430.8144276077619,0,S
514,2016-04-27,ITC.NS,0,43.03329803109753,0,0,B
515,2016-04-28,ITC.NS,9263.648893717038,0,-736.3511062829621,0,S
516,2016-05-17,ITC.NS,0,42.04385728323834,0,0,B
517,2016-09-23,ITC.NS,10000,0,656.0155001290877,656.0155001290877,S
518,2016-11-07,ITC.NS,0,38.98635477582846,0,656.0155001290877,B
519,2016-11-16,ITC.NS,9001.949079784967,0,-998.0509202150333,656.0155001290877,S
520,2016-12-29,ITC.NS,0,38.14385203298715,0,656.0155001290877,B
521,2017-03-03,ITC.NS,9976.524033604595,0,-23.475966395404612,656.0155001290877,S
522,2017-03-15,ITC.NS,0,37.19807449487896,0,656.0155001290877,B
523,2016-04-04,IBULHSGFIN.NS,10000,0,0,0,S
524,2016-04-18,IBULHSGFIN.NS,0,15.586035505795582,0,0,B
525,2016-06-16,IBULHSGFIN.NS,10000,0,892.3005327067967,892.3005327067967,S
526,2016-07-12,IBULHSGFIN.NS,0,13.43905433154403,0,892.3005327067967,B
527,2016-09-15,IBULHSGFIN.NS,10000,0,566.4564681764932,1458.75700088329,S
528,2016-09-23,IBULHSGFIN.NS,0,12.280486491352429,0,1458.75700088329,B
529,2016-11-03,IBULHSGFIN.NS,9848.950166064647,0,-151.04983393535258,1458.75700088329,S
530,2017-01-11,IBULHSGFIN.NS,0,13.755516991710401,0,1458.75700088329,B
531,2016-04-04,IOC.NS,0,99.61449088667096,0,0,B
532,2016-05-05,IOC.NS,10000,0,214.1713074059935,214.1713074059935,S
533,2016-06-02,IOC.NS,0,95.21542351547531,0,214.1713074059935,B
534,2016-06-21,IOC.NS,9823.851611783577,0,-176.14838821642297,214.1713074059935,S
535,2016-06-22,IOC.NS,0,94.5965503719447,0,214.1713074059935,B
536,2016-11-15,IOC.NS,10000,0,3517.8464707793737,3732.017778185367,S
537,2016-12-21,IOC.NS,0,64.7353915189288,0,3732.017778185367,B
538,2017-03-10,IOC.NS,10000,0,2055.3486807259887,5787.366458911356,S
539,2017-03-31,IOC.NS,0,51.67291210637606,0,5787.366458911356,B
540,2016-04-05,INDUSINDBK.NS,10000,0,0,0,S
541,2016-04-12,INDUSINDBK.NS,0,10.320449841599615,0,0,B
542,2016-06-27,INDUSINDBK.NS,10000,0,1144.0222428874786,1144.0222428874786,S
543,2016-06-30,INDUSINDBK.NS,0,8.996041939213683,0,1144.0222428874786,B
544,2016-10-27,INDUSINDBK.NS,10000,0,606.7836876897527,1750.8059305772313,S
545,2016-11-02,INDUSINDBK.NS,0,8.13371865236832,0,1750.8059305772313,B
546,2016-11-11,INDUSINDBK.NS,9698.23923657425,0,-301.76076342574925,1750.8059305772313,S
547,2017-01-03,INDUSINDBK.NS,0,8.811774897061124,0,1750.8059305772313,B
548,2016-04-04,INFY.NS,0,16.081049115709156,0,0,B
549,2016-04-06,INFY.NS,9654.257444012253,0,-345.7425559877465,0,S
550,2016-04-20,INFY.NS,0,15.526306905021498,0,0,B
551,2016-05-03,INFY.NS,9143.442515427387,0,-856.5574845726132,0,S
552,2016-05-16,INFY.NS,0,15.050934181773476,0,0,B
553,2016-05-23,INFY.NS,8940.254903973444,0,-1059.745096026556,0,S
554,2016-05-26,INFY.NS,0,14.488116885494549,0,0,B
555,2016-06-10,INFY.NS,8552.335220650537,0,-1447.664779349463,0,S
556,2016-09-21,INFY.NS,0,16.201440152783398,0,0,B
557,2016-09-26,INFY.NS,8391.536124905648,0,-1608.4638750943523,0,S
558,2016-12-08,INFY.NS,0,17.04470810306274,0,0,B
559,2017-01-09,INFY.NS,8269.66604583818,0,-1730.3339541618207,0,S
560,2017-02-14,INFY.NS,0,16.745299065775,0,0,B
561,2016-04-04,INDIGO.NS,0,10.340727083635365,0,0,B
562,2016-05-19,INDIGO.NS,10000,0,427.58944359705856,427.58944359705856,S
563,2016-06-20,INDIGO.NS,0,9.330969912861589,0,427.58944359705856,B
564,2016-07-01,INDIGO.NS,9446.674167587955,0,-553.3258324120452,427.58944359705856,S
565,2016-07-04,INDIGO.NS,0,9.04290810014247,0,427.58944359705856,B
566,2016-07-11,INDIGO.NS,9121.58151100077,0,-878.4184889992302,427.58944359705856,S
567,2016-09-22,INDIGO.NS,0,10.213965215478375,0,427.58944359705856,B
568,2016-11-15,INDIGO.NS,9025.059415032307,0,-974.9405849676932,427.58944359705856,S
569,2017-01-10,INDIGO.NS,0,10.494255133758497,0,427.58944359705856,B
570,2017-02-06,INDIGO.NS,9035.029085513079,0,-964.9709144869212,427.58944359705856,S
571,2017-03-02,INDIGO.NS,0,10.454184652025546,0,427.58944359705856,B
572,2016-04-04,JSWSTEEL.NS,10000,0,0,0,S
573,2016-04-06,JSWSTEEL.NS,0,77.3574663069022,0,0,B
574,2016-05-10,JSWSTEEL.NS,9962.094416572363,0,-37.905583427636884,0,S
575,2016-05-27,JSWSTEEL.NS,0,72.41736080959667,0,0,B
576,2016-09-27,JSWSTEEL.NS,10000,0,2747.990375317646,2747.990375317646,S
577,2016-09-28,JSWSTEEL.NS,0,56.31423439029934,0,2747.990375317646,B
578,2016-09-29,JSWSTEEL.NS,9451.49990698218,0,-548.5000930178194,2747.990375317646,S
579,2016-10-05,JSWSTEEL.NS,0,52.869607210934994,0,2747.990375317646,B
580,2016-10-17,JSWSTEEL.NS,9092.251022791019,0,-907.7489772089812,2747.990375317646,S
581,2016-10-18,JSWSTEEL.NS,0,51.00556099502375,0,2747.990375317646,B
582,2016-10-19,JSWSTEEL.NS,8920.36253128838,0,-1079.6374687116204,2747.990375317646,S
583,2016-11-30,JSWSTEEL.NS,0,51.59261333825738,0,2747.990375317646,B
584,2016-12-02,JSWSTEEL.NS,8547.089942296456,0,-1452.9100577035442,2747.990375317646,S
585,2017-01-05,JSWSTEEL.NS,0,48.659779329872926,0,2747.990375317646,B
586,2017-02-17,JSWSTEEL.NS,8997.19290109778,0,-1002.8070989022199,2747.990375317646,S
587,2017-03-17,JSWSTEEL.NS,0,46.8603796932176,0,2747.990375317646,B
588,2017-03-27,JSWSTEEL.NS,8409.09499294137,0,-1590.9050070586309,2747.990375317646,S
589,2016-04-04,KOTAKBANK.NS,0,14.549687440140389,0,0,B
590,2016-04-05,KOTAKBANK.NS,9730.103475593885,0,-269.8965244061146,0,S
591,2016-04-13,KOTAKBANK.NS,0,14.053735565397073,0,0,B
592,2016-08-03,KOTAKBANK.NS,10000,0,627.4350061076548,627.4350061076548,S
593,2016-08-05,KOTAKBANK.NS,0,12.914057358151487,0,627.4350061076548,B
594,2016-09-27,KOTAKBANK.NS,10000,0,130.4324522442348,757.8674583518896,S
595,2016-10-26,KOTAKBANK.NS,0,12.322858903265558,0,757.8674583518896,B
596,2016-11-17,KOTAKBANK.NS,9565.619223659889,0,-434.38077634011097,757.8674583518896,S
597,2017-01-16,KOTAKBANK.NS,0,13.082082964943234,0,757.8674583518896,B
598,2016-04-04,L&TFH.NS,10000,0,0,0,S
599,2016-04-05,L&TFH.NS,0,143.9884872486392,0,0,B
600,2016-05-19,L&TFH.NS,10000,0,237.5812236692509,237.5812236692509,S
601,2016-05-26,L&TFH.NS,0,135.59322033898306,0,237.5812236692509,B
602,2016-06-24,L&TFH.NS,9891.525009931145,0,-108.47499006885482,237.5812236692509,S
603,2016-06-29,L&TFH.NS,0,127.71498256534979,0,237.5812236692509,B
604,2016-07-18,L&TFH.NS,9623.32374142151,0,-376.6762585784909,237.5812236692509,S
605,2016-07-26,L&TFH.NS,0,122.74647390465884,0,237.5812236692509,B
606,2016-09-21,L&TFH.NS,10000,0,1249.714520658239,1487.29574432749,S
607,2016-09-22,L&TFH.NS,0,106.21348739172682,0,1487.29574432749,B
608,2016-09-26,L&TFH.NS,9776.951838546292,0,-223.0481614537075,1487.29574432749,S
609,2016-10-05,L&TFH.NS,0,101.26309196805656,0,1487.29574432749,B
610,2016-11-15,L&TFH.NS,8582.047044292793,0,-1417.9529557072074,1487.29574432749,S
611,2017-01-03,L&TFH.NS,0,96.4274948796943,0,1487.29574432749,B
612,2016-04-04,LT.NS,10000,0,0,0,S
613,2016-04-13,LT.NS,0,12.146727185797404,0,0,B
614,2016-05-24,LT.NS,10000,0,58.70448600787313,58.70448600787313,S
615,2016-05-26,LT.NS,0,10.175351539950396,0,58.70448600787313,B
616,2016-08-03,LT.NS,10000,0,30.179506392354597,88.88399240022773,S
617,2016-09-07,LT.NS,0,9.879763447685283,0,88.88399240022773,B
618,2016-09-14,LT.NS,9717.073580780483,0,-282.9264192195169,88.88399240022773,S
619,2016-10-20,LT.NS,0,9.693518402060924,0,88.88399240022773,B
620,2016-11-02,LT.NS,9361.680465859807,0,-638.3195341401934,88.88399240022773,S
621,2017-01-05,LT.NS,0,10.085843937450544,0,88.88399240022773,B
622,2016-04-04,LUPIN.NS,10000,0,0,0,S
623,2016-04-06,LUPIN.NS,0,6.733553406769507,0,0,B
624,2016-05-23,LUPIN.NS,9864.992747374454,0,-135.00725262554624,0,S
625,2016-06-28,LUPIN.NS,0,6.386348843923023,0,0,B
626,2016-08-10,LUPIN.NS,9863.077310471437,0,-136.92268952856284,0,S
627,2016-10-26,LUPIN.NS,0,6.543539435389555,0,0,B
628,2016-10-27,LUPIN.NS,9686.728443424547,0,-313.27155657545336,0,S
629,2016-11-09,LUPIN.NS,0,6.332643603974105,0,0,B
630,2016-11-10,LUPIN.NS,9460.336434582472,0,-539.6635654175279,0,S
631,2016-11-29,LUPIN.NS,0,6.231489828044983,0,0,B
632,2016-12-19,LUPIN.NS,9187.085757758683,0,-812.914242241317,0,S
633,2017-01-03,LUPIN.NS,0,6.102348560450802,0,0,B
634,2017-01-23,LUPIN.NS,9051.308502288652,0,-948.6914977113483,0,S
635,2017-01-24,LUPIN.NS,0,6.015357743076555,0,0,B
636,2017-02-01,LUPIN.NS,8867.23870220983,0,-1132.76129779017,0,S
637,2017-03-23,LUPIN.NS,0,5.950168563804617,0,0,B
638,2017-03-29,LUPIN.NS,8653.627505501458,0,-1346.3724944985424,0,S
639,2016-04-04,M&M.NS,0,16.052652386298693,0,0,B
640,2016-04-07,M&M.NS,9733.124654077785,0,-266.8753459222153,0,S
641,2016-04-08,M&M.NS,0,15.797321410554327,0,0,B
642,2016-05-20,M&M.NS,10000,0,213.75796515550428,213.75796515550428,S
643,2016-05-30,M&M.NS,0,15.02798990637133,0,213.75796515550428,B
644,2016-08-23,M&M.NS,10000,0,840.4401520666743,1054.1981172221786,S
645,2016-09-06,M&M.NS,0,13.424170438459265,0,1054.1981172221786,B
646,2016-09-14,M&M.NS,9474.444218942124,0,-525.5557810578757,1054.1981172221786,S
647,2016-11-08,M&M.NS,0,13.685460618230492,0,1054.1981172221786,B
648,2016-11-09,M&M.NS,9123.754290599967,0,-876.2457094000329,1054.1981172221786,S
649,2017-01-03,M&M.NS,0,14.925776330131498,0,1054.1981172221786,B
650,2017-03-22,M&M.NS,9484.21124237439,0,-515.7887576256107,1054.1981172221786,S
651,2016-04-04,MARICO.NS,0,41.12687744609722,0,0,B
652,2016-05-05,MARICO.NS,10000,0,141.88822922611325,141.88822922611325,S
653,2016-05-27,MARICO.NS,0,38.86513981511067,0,141.88822922611325,B
654,2016-06-02,MARICO.NS,9675.476438364809,0,-324.5235616351911,141.88822922611325,S
655,2016-06-03,MARICO.NS,0,38.0924269226961,0,141.88822922611325,B
656,2016-08-30,MARICO.NS,10000,0,938.2401583544615,1080.1283875805748,S
657,2016-09-01,MARICO.NS,0,33.96739200856151,0,1080.1283875805748,B
658,2016-09-21,MARICO.NS,9784.306853425127,0,-215.69314657487303,1080.1283875805748,S
659,2017-01-03,MARICO.NS,0,37.96045335955432,0,1080.1283875805748,B
660,2017-02-06,MARICO.NS,9717.876060045906,0,-282.12393995409366,1080.1283875805748,S
661,2017-02-07,MARICO.NS,0,36.072295026777,0,1080.1283875805748,B
662,2016-04-04,MARUTI.NS,10000,0,0,0,S
663,2016-04-13,MARUTI.NS,0,2.6798155585537735,0,0,B
664,2016-11-09,MARUTI.NS,10000,0,4452.11183990405,4452.11183990405,S
665,2016-12-27,MARUTI.NS,0,1.9142419601837672,0,4452.11183990405,B
666,2017-03-03,MARUTI.NS,10000,0,1270.5781010719747,5722.689940976024,S
667,2017-03-14,MARUTI.NS,0,1.6306829559791245,0,5722.689940976024,B
668,2017-03-29,MARUTI.NS,9693.02393353693,0,-306.9760664630703,5722.689940976024,S
669,2016-04-04,MOTHERSUMI.NS,10000,0,0,0,S
670,2016-04-18,MOTHERSUMI.NS,0,85.9926551439448,0,0,B
671,2016-05-04,MOTHERSUMI.NS,9705.732729957135,0,-294.26727004286477,0,S
672,2016-05-12,MOTHERSUMI.NS,0,81.72835898249778,0,0,B
673,2016-06-29,MOTHERSUMI.NS,10000,0,58.064064641723235,58.064064641723235,S
674,2016-06-30,MOTHERSUMI.NS,0,77.55966357833182,0,58.064064641723235,B
675,2016-07-07,MOTHERSUMI.NS,9558.7634336767,0,-441.2365663232995,58.064064641723235,S
676,2016-07-13,MOTHERSUMI.NS,0,72.83200141438711,0,58.064064641723235,B
677,2016-08-31,MOTHERSUMI.NS,10000,0,440.9045992452575,498.9686638869807,S
678,2016-09-07,MOTHERSUMI.NS,0,66.89455482447478,0,498.9686638869807,B
679,2016-09-12,MOTHERSUMI.NS,9289.446438780551,0,-710.553561219449,498.9686638869807,S
680,2016-10-05,MOTHERSUMI.NS,0,62.700437858710906,0,498.9686638869807,B
681,2016-11-03,MOTHERSUMI.NS,8751.60189913584,0,-1248.3981008641604,498.9686638869807,S
682,2016-12-06,MOTHERSUMI.NS,0,63.26474789257401,0,498.9686638869807,B
683,2016-04-04,NHPC.NS,0,414.9377527682078,0,0,B
684,2016-04-05,NHPC.NS,9460.580446542755,0,-539.4195534572445,0,S
685,2016-04-12,NHPC.NS,0,398.34022932811604,0,0,B
686,2016-04-21,NHPC.NS,9221.576156991148,0,-778.4238430088517,0,S
687,2016-05-25,NHPC.NS,0,413.5236086315975,0,0,B
688,2016-08-03,NHPC.NS,10000,0,110.6525465360337,110.6525465360337,S
689,2016-08-09,NHPC.NS,0,391.38944417246375,0,110.6525465360337,B
690,2016-09-14,NHPC.NS,10000,0,469.6676316134053,580.320178149439,S
691,2016-10-28,NHPC.NS,0,373.13433898055627,0,580.320178149439,B
692,2016-11-11,NHPC.NS,9458.955635496555,0,-541.0443645034447,580.320178149439,S
693,2016-11-24,NHPC.NS,0,358.97364320906934,0,580.320178149439,B
694,2016-12-23,NHPC.NS,9405.109725952772,0,-594.8902740472276,580.320178149439,S
695,2017-01-04,NHPC.NS,0,343.25218455814195,0,580.320178149439,B
696,2016-04-04,NMDC.NS,0,101.88486851284797,0,0,B
697,2016-04-05,NMDC.NS,9969.434228518203,0,-30.565771481797128,0,S
698,2016-04-06,NMDC.NS,0,98.12435411657565,0,0,B
699,2016-04-25,NMDC.NS,9670.155397640294,0,-329.8446023597062,0,S
700,2016-06-16,NMDC.NS,0,103.75703556096178,0,0,B
701,2016-09-16,NMDC.NS,10000,0,484.6487600765322,484.6487600765322,S
702,2016-09-28,NMDC.NS,0,91.07467870730544,0,484.6487600765322,B
703,2016-09-29,NMDC.NS,9321.49322672378,0,-678.50677327622,484.6487600765322,S
704,2016-10-03,NMDC.NS,0,86.03131848636045,0,484.6487600765322,B
705,2016-11-17,NMDC.NS,10000,0,57.06126232891074,541.7100224054429,S
706,2016-12-06,NMDC.NS,0,80.87343207923118,0,541.7100224054429,B
707,2016-12-27,NMDC.NS,9854.427575451255,0,-145.5724245487454,541.7100224054429,S
708,2017-01-02,NMDC.NS,0,76.8676116227191,0,541.7100224054429,B
709,2017-02-16,NMDC.NS,10000,0,511.64588940683643,1053.3559118122794,S
710,2017-02-28,NMDC.NS,0,66.55574043261231,0,1053.3559118122794,B
711,2017-03-10,NMDC.NS,9307.820705724833,0,-692.1792942751672,1053.3559118122794,S
712,2016-04-04,NTPC.NS,0,91.53318077803203,0,0,B
713,2016-04-05,NTPC.NS,9675.789490444437,0,-324.2105095555635,0,S
714,2016-04-08,NTPC.NS,0,88.2626179287976,0,0,B
715,2016-05-19,NTPC.NS,9955.31718526357,0,-44.68281473643037,0,S
716,2016-05-26,NTPC.NS,0,84.605855513911,0,0,B
717,2016-09-12,NTPC.NS,10000,0,776.6708460844129,776.6708460844129,S
718,2016-11-01,NTPC.NS,0,77.41915058424075,0,776.6708460844129,B
719,2016-11-17,NTPC.NS,9793.522548906456,0,-206.477451093544,776.6708460844129,S
720,2016-11-18,NTPC.NS,0,73.88995185451039,0,776.6708460844129,B
721,2017-02-22,NTPC.NS,10000,0,264.5709919789588,1041.2418380633717,S
722,2017-03-28,NTPC.NS,0,72.77119612656831,0,1041.2418380633717,B
723,2016-04-04,NESTLEIND.NS,0,1.7594637759226661,0,0,B
724,2016-04-28,NESTLEIND.NS,10000,0,394.9996176946388,394.9996176946388,S
725,2016-05-16,NESTLEIND.NS,0,1.5912290954996964,0,394.9996176946388,B
726,2016-08-18,NESTLEIND.NS,10000,0,656.4612525614666,1051.4608702561054,S
727,2016-10-04,NESTLEIND.NS,0,1.4967930769812081,0,1051.4608702561054,B
728,2016-11-07,NESTLEIND.NS,9666.364238456094,0,-333.6357615439065,1051.4608702561054,S
729,2016-12-12,NESTLEIND.NS,0,1.531014134252482,0,1051.4608702561054,B
730,2016-12-15,NESTLEIND.NS,9456.691553744018,0,-543.3084462559818,1051.4608702561054,S
731,2017-02-03,NESTLEIND.NS,0,1.5532054781545566,0,1051.4608702561054,B
732,2017-03-15,NESTLEIND.NS,9482.242087220106,0,-517.7579127798945,1051.4608702561054,S
733,2017-03-20,NESTLEIND.NS,0,1.5058827311234002,0,1051.4608702561054,B
734,2016-04-04,ONGC.NS,10000,0,0,0,S
735,2016-04-12,ONGC.NS,0,70.97232386927386,0,0,B
736,2016-05-09,ONGC.NS,10000,0,11.852906566607999,11.852906566607999,S
737,2016-05-26,ONGC.NS,0,69.42853144396535,0,11.852906566607999,B
738,2016-06-28,ONGC.NS,9782.479656696592,0,-217.52034330340757,11.852906566607999,S
739,2016-06-29,ONGC.NS,0,68.32914811302886,0,11.852906566607999,B
740,2016-08-01,ONGC.NS,9966.968148077758,0,-33.03185192224191,11.852906566607999,S
741,2016-08-08,ONGC.NS,0,66.12333089020997,0,11.852906566607999,B
742,2016-11-17,ONGC.NS,10000,0,2045.489310650315,2057.342217216923,S
743,2016-11-18,ONGC.NS,0,54.52562885931313,0,2057.342217216923,B
744,2016-12-27,ONGC.NS,10000,0,376.22733832630183,2433.569555543225,S
745,2017-01-06,ONGC.NS,0,49.37052505224939,0,2433.569555543225,B
746,2017-02-08,ONGC.NS,9597.62976882351,0,-402.37023117649005,2433.569555543225,S
747,2016-04-04,OFSS.NS,0,2.810172825628776,0,0,B
748,2016-05-05,OFSS.NS,9846.986226859983,0,-153.0137731400173,0,S
749,2016-06-23,OFSS.NS,0,2.84640227950815,0,0,B
750,2016-06-24,OFSS.NS,9664.958940069922,0,-335.0410599300776,0,S
751,2016-07-04,OFSS.NS,0,2.7809230677630756,0,0,B
752,2016-08-29,OFSS.NS,9918.301303117656,0,-81.69869688234394,0,S
753,2016-12-12,OFSS.NS,0,3.162673155303728,0,0,B
754,2016-04-04,PAGEIND.NS,10000,0,0,0,S
755,2016-04-05,PAGEIND.NS,0,0.8234993915031108,0,0,B
756,2016-05-05,PAGEIND.NS,10000,0,412.65602760138427,412.65602760138427,S
757,2016-05-06,PAGEIND.NS,0,0.7652045928416605,0,412.65602760138427,B
758,2016-07-11,PAGEIND.NS,10000,0,253.35894178183116,666.0149693832154,S
759,2016-07-29,PAGEIND.NS,0,0.697243091284441,0,666.0149693832154,B
760,2016-11-10,PAGEIND.NS,10000,0,442.40074141997866,1108.415710803194,S
761,2016-12-19,PAGEIND.NS,0,0.7152973391148545,0,1108.415710803194,B
762,2016-12-20,PAGEIND.NS,9579.405164600466,0,-420.5948353995336,1108.415710803194,S
763,2017-01-03,PAGEIND.NS,0,0.6946228862915131,0,1108.415710803194,B
764,2017-02-22,PAGEIND.NS,9624.416591963625,0,-375.58340803637475,1108.415710803194,S
765,2017-03-01,PAGEIND.NS,0,0.665142778499411,0,1108.415710803194,B
766,2016-04-04,PETRONET.NS,0,80.74283506825829,0,0,B
767,2016-04-05,PETRONET.NS,9848.607184247016,0,-151.39281575298446,0,S
768,2016-04-12,PETRONET.NS,0,76.19812134813938,0,0,B
769,2016-05-23,PETRONET.NS,9890.516383526703,0,-109.48361647329693,0,S
770,2016-05-30,PETRONET.NS,0,71.03979852709055,0,0,B
771,2016-11-07,PETRONET.NS,10000,0,2641.5319310995037,2641.5319310995037,S
772,2016-11-23,PETRONET.NS,0,53.10674369586341,0,2641.5319310995037,B
773,2016-12-21,PETRONET.NS,9552.575522293431,0,-447.4244777065687,2641.5319310995037,S
774,2017-01-05,PETRONET.NS,0,50.509321994942134,0,2641.5319310995037,B
775,2017-01-10,PETRONET.NS,9144.712901326491,0,-855.2870986735088,2641.5319310995037,S
776,2017-01-27,PETRONET.NS,0,46.543899311592185,0,2641.5319310995037,B
777,2017-03-14,PETRONET.NS,8960.863930882868,0,-1039.1360691171321,2641.5319310995037,S
778,2017-03-17,PETRONET.NS,0,45.613968287531954,0,2641.5319310995037,B
779,2016-04-04,PIDILITIND.NS,10000,0,0,0,S
780,2016-04-05,PIDILITIND.NS,0,16.949152542372882,0,0,B
781,2016-05-03,PIDILITIND.NS,10000,0,123.72860666048837,123.72860666048837,S
782,2016-05-13,PIDILITIND.NS,0,16.47310798301251,0,123.72860666048837,B
783,2016-08-10,PIDILITIND.NS,10000,0,1649.782166674191,1773.5107733346795,S
784,2016-09-09,PIDILITIND.NS,0,14.06370884139812,0,1773.5107733346795,B
785,2016-09-12,PIDILITIND.NS,9883.271388292529,0,-116.72861170747092,1773.5107733346795,S
786,2016-09-14,PIDILITIND.NS,0,13.941699884213566,0,1773.5107733346795,B
787,2016-09-26,PIDILITIND.NS,9684.602164942486,0,-315.3978350575144,1773.5107733346795,S
788,2016-10-04,PIDILITIND.NS,0,13.097919725681708,0,1773.5107733346795,B
789,2016-10-27,PIDILITIND.NS,9286.42508550833,0,-713.5749144916699,1773.5107733346795,S
790,2016-10-28,PIDILITIND.NS,0,12.919345079598191,0,1773.5107733346795,B
791,2016-11-02,PIDILITIND.NS,9095.864745584257,0,-904.1352544157435,1773.5107733346795,S
792,2017-01-10,PIDILITIND.NS,0,14.405866952610896,0,1773.5107733346795,B
793,2016-04-04,PEL.NS,0,9.45277851339134,0,0,B
794,2016-04-08,PEL.NS,9726.625229987418,0,-273.3747700125823,0,S
795,2016-04-13,PEL.NS,0,9.239254552350907,0,0,B
796,2016-04-20,PEL.NS,9513.19867539585,0,-486.80132460415007,0,S
797,2016-04-21,PEL.NS,0,9.072459015132747,0,0,B
798,2016-10-10,PEL.NS,10000,0,6277.625003061152,6277.625003061152,S
799,2016-12-05,PEL.NS,0,6.178636820150079,0,6277.625003061152,B
800,2016-12-21,PEL.NS,9305.02705114602,0,-694.9729488539797,6277.625003061152,S
801,2017-01-06,PEL.NS,0,5.711408869398113,0,6277.625003061152,B
802,2016-04-04,PFC.NS,10000,0,0,0,S
803,2016-04-07,PFC.NS,0,118.16838995568685,0,0,B
804,2016-05-06,PFC.NS,9799.11409769664,0,-200.88590230336013,0,S
805,2016-06-30,PFC.NS,0,115.69202421205051,0,0,B
806,2016-11-03,PFC.NS,10000,0,3373.9978223810194,3373.9978223810194,S
807,2016-11-22,PFC.NS,0,80.41817549423722,0,3373.9978223810194,B
808,2016-12-22,PFC.NS,10000,0,32.16739290609257,3406.165215287112,S
809,2017-01-06,PFC.NS,0,77.24990525877175,0,3406.165215287112,B
810,2017-02-15,PFC.NS,9853.22565150434,0,-146.7743484956609,3406.165215287112,S
811,2017-02-21,PFC.NS,0,72.39695231174437,0,3406.165215287112,B
812,2017-03-10,PFC.NS,9462.281446207024,0,-537.7185537929763,3406.165215287112,S
813,2017-03-16,PFC.NS,0,69.0173670675306,0,3406.165215287112,B
814,2016-04-04,POWERGRID.NS,0,72.15006897280611,0,0,B
815,2016-05-06,POWERGRID.NS,10000,0,277.7771049916937,277.7771049916937,S
816,2016-05-16,POWERGRID.NS,0,69.22810807384853,0,277.7771049916937,B
817,2016-09-16,POWERGRID.NS,10000,0,2187.6086376684543,2465.385742660148,S
818,2016-10-05,POWERGRID.NS,0,55.126793475563645,0,2465.385742660148,B
819,2016-10-07,POWERGRID.NS,9754.685937267364,0,-245.31406273263565,2465.385742660148,S
820,2016-11-10,POWERGRID.NS,0,51.76272801928721,0,2465.385742660148,B
821,2016-12-15,POWERGRID.NS,9490.696498270929,0,-509.3035017290713,2465.385742660148,S
822,2017-01-03,POWERGRID.NS,0,50.469004755393506,0,2465.385742660148,B
823,2017-02-27,POWERGRID.NS,9727.900666602098,0,-272.0993333979022,2465.385742660148,S
824,2017-03-31,POWERGRID.NS,0,49.30512172394732,0,2465.385742660148,B
825,2016-04-04,PGHH.NS,0,1.5907735136209982,0,0,B
826,2016-04-28,PGHH.NS,10000,0,77.31174811095661,77.31174811095661,S
827,2016-05-13,PGHH.NS,0,1.5334718799219635,0,77.31174811095661,B
828,2016-05-24,PGHH.NS,9732.179285924742,0,-267.82071407525837,77.31174811095661,S
829,2016-07-05,PGHH.NS,0,1.542684452219504,0,77.31174811095661,B
830,2016-09-06,PGHH.NS,10000,0,182.411893957782,259.7236420687386,S
831,2016-09-15,PGHH.NS,0,1.4923479639542587,0,259.7236420687386,B
832,2016-11-15,PGHH.NS,10000,0,41.039569008742546,300.7632110774812,S
833,2016-12-13,PGHH.NS,0,1.4704476989108994,0,300.7632110774812,B
834,2016-12-23,PGHH.NS,9737.010285451377,0,-262.98971454862294,300.7632110774812,S
835,2016-12-27,PGHH.NS,0,1.405609770897741,0,300.7632110774812,B
836,2017-01-12,PGHH.NS,9542.122627982984,0,-457.87737201701566,300.7632110774812,S
837,2017-01-20,PGHH.NS,0,1.3632674512597147,0,300.7632110774812,B
838,2017-03-08,PGHH.NS,9419.087740506795,0,-580.912259493205,300.7632110774812,S
839,2017-03-29,PGHH.NS,0,1.297350330981274,0,300.7632110774812,B
840,2016-04-04,PNB.NS,10000,0,0,0,S
841,2016-04-21,PNB.NS,0,112.86681909956093,0,0,B
842,2016-05-04,PNB.NS,9170.429051839325,0,-829.5709481606755,0,S
843,2016-06-09,PNB.NS,0,111.42683732432081,0,0,B
844,2016-11-03,PNB.NS,10000,0,4836.482709637874,4836.482709637874,S
845,2016-11-10,PNB.NS,0,62.774637843232945,0,4836.482709637874,B
846,2016-11-23,PNB.NS,8631.51270344453,0,-1368.4872965554696,4836.482709637874,S
847,2017-01-16,PNB.NS,0,67.06692236298784,0,4836.482709637874,B
848,2017-03-23,PNB.NS,9111.041812355907,0,-888.9581876440934,4836.482709637874,S
849,2017-03-27,PNB.NS,0,61.87464728255284,0,4836.482709637874,B
850,2016-04-04,RELIANCE.NS,0,19.322737120435704,0,0,B
851,2016-04-05,RELIANCE.NS,9921.741971169211,0,-78.25802883078904,0,S
852,2016-04-07,RELIANCE.NS,0,19.130859428622244,0,0,B
853,2016-04-25,RELIANCE.NS,9727.085710013978,0,-272.9142899860217,0,S
854,2016-06-13,RELIANCE.NS,0,19.828938848367045,0,0,B
855,2016-06-27,RELIANCE.NS,9474.762947273459,0,-525.2370527265412,0,S
856,2016-07-04,RELIANCE.NS,0,19.204951515264494,0,0,B
857,2016-10-24,RELIANCE.NS,10000,0,210.31294196125418,210.31294196125418,S
858,2016-12-12,RELIANCE.NS,0,19.4704059099527,0,210.31294196125418,B
859,2017-01-19,RELIANCE.NS,10000,0,63.278819207345805,273.5917611686,S
860,2017-02-16,RELIANCE.NS,0,18.73536299765808,0,273.5917611686,B
861,2016-04-04,SHREECEM.NS,0,0.803768039451196,0,0,B
862,2016-04-05,SHREECEM.NS,9763.450438045733,0,-236.54956195426712,0,S
863,2016-04-06,SHREECEM.NS,0,0.7868356721638984,0,0,B
864,2016-04-08,SHREECEM.NS,9623.865482446174,0,-376.1345175538263,0,S
865,2016-04-11,SHREECEM.NS,0,0.7707848622427151,0,0,B
866,2016-05-04,SHREECEM.NS,9569.988072207163,0,-430.011927792837,0,S
867,2016-05-09,SHREECEM.NS,0,0.7457617823656468,0,0,B
868,2016-09-19,SHREECEM.NS,10000,0,2458.9206473615977,2458.9206473615977,S
869,2016-10-03,SHREECEM.NS,0,0.5588808846909754,0,2458.9206473615977,B
870,2016-10-26,SHREECEM.NS,9415.24249372214,0,-584.7575062778596,2458.9206473615977,S
871,2017-01-11,SHREECEM.NS,0,0.6275991530277389,0,2458.9206473615977,B
872,2016-04-04,SRTRANSFIN.NS,10000,0,0,0,S
873,2016-04-06,SRTRANSFIN.NS,0,10.795056148919064,0,0,B
874,2016-08-31,SRTRANSFIN.NS,10000,0,3354.0247361226793,3354.0247361226793,S
875,2016-10-06,SRTRANSFIN.NS,0,8.289124500687,0,3354.0247361226793,B
876,2016-10-13,SRTRANSFIN.NS,9543.26944238335,0,-456.7305576166491,3354.0247361226793,S
877,2017-01-04,SRTRANSFIN.NS,0,10.466406635388356,0,3354.0247361226793,B
878,2017-02-23,SRTRANSFIN.NS,9771.436979271064,0,-228.56302072893595,3354.0247361226793,S
879,2017-03-09,SRTRANSFIN.NS,0,10.168517462036165,0,3354.0247361226793,B
880,2016-04-04,SIEMENS.NS,10000,0,0,0,S
881,2016-04-06,SIEMENS.NS,0,8.844079271106224,0,0,B
882,2016-04-07,SIEMENS.NS,9861.591023086803,0,-138.40897691319697,0,S
883,2016-04-08,SIEMENS.NS,0,8.710114333497046,0,0,B
884,2016-05-04,SIEMENS.NS,9902.093267386841,0,-97.90673261315897,0,S
885,2016-05-05,SIEMENS.NS,0,8.43485129626033,0,0,B
886,2016-05-19,SIEMENS.NS,9596.329907897405,0,-403.67009210259494,0,S
887,2016-05-27,SIEMENS.NS,0,7.9786571672395805,0,0,B
888,2016-08-04,SIEMENS.NS,10000,0,18.799415319872423,18.799415319872423,S
889,2016-08-09,SIEMENS.NS,0,7.547454899073981,0,18.799415319872423,B
890,2016-08-17,SIEMENS.NS,9747.538002154046,0,-252.4619978459541,18.799415319872423,S
891,2016-12-12,SIEMENS.NS,0,8.583601806722998,0,18.799415319872423,B
892,2016-12-20,SIEMENS.NS,9360.847369442947,0,-639.1526305570533,18.799415319872423,S
893,2017-01-04,SIEMENS.NS,0,8.343373391714627,0,18.799415319872423,B
894,2016-04-04,SBIN.NS,10000,0,0,0,S
895,2016-04-13,SBIN.NS,0,52.11047586272592,0,0,B
896,2016-04-18,SBIN.NS,9731.631367364065,0,-268.3686326359348,0,S
897,2016-04-21,SBIN.NS,0,50.0727093477978,0,0,B
898,2016-05-03,SBIN.NS,9215.882308271966,0,-784.1176917280336,0,S
899,2016-05-30,SBIN.NS,0,46.345899046512685,0,0,B
900,2016-09-29,SBIN.NS,10000,0,1459.0235392502618,1459.0235392502618,S
901,2016-10-03,SBIN.NS,0,39.16960391877734,0,1459.0235392502618,B
902,2016-11-03,SBIN.NS,9622.012963575364,0,-377.98703642463624,1459.0235392502618,S
903,2016-11-10,SBIN.NS,0,34.205522151166875,0,1459.0235392502618,B
904,2016-11-28,SBIN.NS,8672.81024581533,0,-1327.1897541846702,1459.0235392502618,S
905,2016-12-12,SBIN.NS,0,32.89516573711924,0,1459.0235392502618,B
906,2016-12-21,SBIN.NS,8399.780771749556,0,-1600.2192282504438,1459.0235392502618,S
907,2017-01-17,SBIN.NS,0,32.811643639646704,0,1459.0235392502618,B
908,2016-04-04,SUNPHARMA.NS,10000,0,0,0,S
909,2016-04-11,SUNPHARMA.NS,0,12.235409457185888,0,0,B
910,2016-04-27,SUNPHARMA.NS,9959.01167703448,0,-40.98832296552064,0,S
911,2016-06-30,SUNPHARMA.NS,0,13.050729911749201,0,0,B
912,2016-08-17,SUNPHARMA.NS,10000,0,244.8229807231237,244.8229807231237,S
913,2016-12-01,SUNPHARMA.NS,0,13.86001386001386,0,244.8229807231237,B
914,2016-12-07,SUNPHARMA.NS,9203.049203049202,0,-796.9507969507977,244.8229807231237,S
915,2017-01-18,SUNPHARMA.NS,0,14.159626171555047,0,244.8229807231237,B
916,2017-01-20,SUNPHARMA.NS,9084.107997514142,0,-915.892002485858,244.8229807231237,S
917,2017-02-06,SUNPHARMA.NS,0,13.454947299154584,0,244.8229807231237,B
918,2016-04-04,TCS.NS,0,8.093103089555935,0,0,B
919,2016-04-08,TCS.NS,9841.456387095333,0,-158.5436129046666,0,S
920,2016-04-11,TCS.NS,0,7.852309712483843,0,0,B
921,2016-04-21,TCS.NS,9518.569450059354,0,-481.4305499406455,0,S
922,2016-04-27,TCS.NS,0,7.58119475917632,0,0,B
923,2016-06-28,TCS.NS,9339.804285357135,0,-660.1957146428649,0,S
924,2016-07-26,TCS.NS,0,7.317875051350793,0,0,B
925,2016-08-24,TCS.NS,9411.00706667953,0,-588.9929333204691,0,S
926,2016-12-16,TCS.NS,0,8.24572206704955,0,0,B
927,2017-01-17,TCS.NS,9395.010849017232,0,-604.9891509827685,0,S
928,2017-01-24,TCS.NS,0,8.104876217409489,0,0,B
929,2017-02-01,TCS.NS,8785.280180115105,0,-1214.7198198848946,0,S
930,2017-02-10,TCS.NS,0,7.32735630981905,0,0,B
931,2017-03-27,TCS.NS,8837.01174499971,0,-1162.9882550002894,0,S
932,2016-04-04,TATAMTRDVR.NS,10000,0,0,0,S
933,2016-04-11,TATAMTRDVR.NS,0,34.83713786886616,0,0,B
934,2016-05-05,TATAMTRDVR.NS,9860.651448524535,0,-139.34855147546477,0,S
935,2016-05-31,TATAMTRDVR.NS,0,31.353422729807743,0,0,B
936,2016-06-29,TATAMTRDVR.NS,9023.514678906458,0,-976.4853210935416,0,S
937,2016-07-13,TATAMTRDVR.NS,0,29.464537727041495,0,0,B
938,2016-09-28,TATAMTRDVR.NS,10000,0,50.35399853111994,50.35399853111994,S
939,2016-10-05,TATAMTRDVR.NS,0,27.82415183590747,0,50.35399853111994,B
940,2016-10-27,TATAMTRDVR.NS,9426.82230235516,0,-573.17769764484,50.35399853111994,S
941,2017-01-03,TATAMTRDVR.NS,0,30.566869289625565,0,50.35399853111994,B
942,2017-02-10,TATAMTRDVR.NS,9712.622716778524,0,-287.3772832214763,50.35399853111994,S
943,2016-04-04,TATAMOTORS.NS,0,25.746653339714474,0,0,B
944,2016-04-05,TATAMOTORS.NS,9539.135062364212,0,-460.864937635788,0,S
945,2016-04-11,TATAMOTORS.NS,0,24.67124069040609,0,0,B
946,2016-05-05,TATAMOTORS.NS,9650.155645471039,0,-349.84435452896105,0,S
947,2016-05-27,TATAMOTORS.NS,0,23.892438205741296,0,0,B
948,2016-09-29,TATAMOTORS.NS,10000,0,2574.5899360259045,2574.5899360259045,S
949,2016-10-05,TATAMOTORS.NS,0,17.86830977175372,0,2574.5899360259045,B
950,2016-10-26,TATAMOTORS.NS,9471.097376399042,0,-528.9026236009577,2574.5899360259045,S
951,2016-12-30,TATAMOTORS.NS,0,20.06588427203187,0,2574.5899360259045,B
952,2017-02-13,TATAMOTORS.NS,10000,0,139.29107771282725,2713.881013738732,S
953,2016-04-04,TATASTEEL.NS,0,32.76443195336028,0,0,B
954,2016-04-05,TATASTEEL.NS,9748.72936337233,0,-251.27063662767068,0,S
955,2016-04-06,TATASTEEL.NS,0,31.14391085778926,0,0,B
956,2016-05-06,TATASTEEL.NS,9770.96578117106,0,-229.03421882893963,0,S
957,2016-06-02,TATASTEEL.NS,0,30.10619672986703,0,0,B
958,2016-06-15,TATASTEEL.NS,9472.643580676848,0,-527.3564193231523,0,S
959,2016-06-21,TATASTEEL.NS,0,29.76366571212676,0,0,B
960,2016-06-24,TATASTEEL.NS,8865.791975210177,0,-1134.208024789823,0,S
961,2016-07-12,TATASTEEL.NS,0,27.18550641478002,0,0,B
962,2016-09-16,TATASTEEL.NS,9294.453186374332,0,-705.5468136256677,0,S
963,2016-10-03,TATASTEEL.NS,0,25.481358890086867,0,0,B
964,2016-11-17,TATASTEEL.NS,9534.793537614609,0,-465.2064623853912,0,S
965,2016-11-30,TATASTEEL.NS,0,24.112285019377932,0,0,B
966,2016-12-22,TATASTEEL.NS,9009.868621799684,0,-990.1313782003162,0,S
967,2017-01-06,TATASTEEL.NS,0,22.54039301086711,0,0,B
968,2016-04-04,TECHM.NS,0,21.251727254107955,0,0,B
969,2016-04-05,TECHM.NS,9823.610923211401,0,-176.3890767885987,0,S
970,2016-04-12,TECHM.NS,0,21.15106182585796,0,0,B
971,2016-06-27,TECHM.NS,10000,0,673.8832213233818,673.8832213233818,S
972,2016-11-07,TECHM.NS,0,22.4794871592584,0,673.8832213233818,B
973,2017-01-23,TECHM.NS,10000,0,558.6153931114732,1232.498614434855,S
974,2017-02-09,TECHM.NS,0,20.61855670103093,0,1232.498614434855,B
975,2017-03-10,TECHM.NS,9810.30902665915,0,-189.69097334085018,1232.498614434855,S
976,2016-04-04,TITAN.NS,0,29.023364836131538,0,0,B
977,2016-04-07,TITAN.NS,9847.62733461031,0,-152.37266538969016,0,S
978,2016-04-12,TITAN.NS,0,28.10395977780613,0,0,B
979,2016-05-26,TITAN.NS,10000,0,170.82287205507964,170.82287205507964,S
980,2016-06-14,TITAN.NS,0,27.244245559382527,0,170.82287205507964,B
981,2016-08-12,TITAN.NS,10000,0,950.8248351651637,1121.6477072202433,S
982,2016-08-31,TITAN.NS,0,23.894862604540023,0,1121.6477072202433,B
983,2016-09-19,TITAN.NS,9626.045546081616,0,-373.9544539183844,1121.6477072202433,S
984,2017-01-02,TITAN.NS,0,28.824809684732035,0,1121.6477072202433,B
985,2016-04-04,UPL.NS,0,32.085527985536444,0,0,B
986,2016-04-05,UPL.NS,9809.60478243568,0,-190.39521756432077,0,S
987,2016-04-11,UPL.NS,0,30.922396880494105,0,0,B
988,2016-06-17,UPL.NS,10000,0,1691.7584492501537,1691.7584492501537,S
989,2016-07-22,UPL.NS,0,25.680534557631084,0,1691.7584492501537,B
990,2016-11-04,UPL.NS,10000,0,1512.5833287029272,3204.341777953081,S
991,2016-12-06,UPL.NS,0,22.303157685530106,0,3204.341777953081,B
992,2016-12-20,UPL.NS,9431.269479018983,0,-568.7305209810165,3204.341777953081,S
993,2017-01-04,UPL.NS,0,21.19229293444906,0,3204.341777953081,B
994,2017-02-21,UPL.NS,10000,0,50.084691399879375,3254.4264693529603,S
995,2017-03-21,UPL.NS,0,20.619959262239906,0,3254.4264693529603,B
996,2016-04-04,ULTRACEMCO.NS,10000,0,0,0,S
997,2016-04-13,ULTRACEMCO.NS,0,3.0546476919548886,0,0,B
998,2016-04-29,ULTRACEMCO.NS,9657.115796578064,0,-342.88420342193604,0,S
999,2016-05-18,ULTRACEMCO.NS,0,2.99575490260078,0,0,B
1000,2016-05-20,ULTRACEMCO.NS,9388.695864750845,0,-611.3041352491546,0,S
1001,2016-05-27,ULTRACEMCO.NS,0,2.890341324268355,0,0,B
1002,2016-09-30,ULTRACEMCO.NS,10000,0,1132.2942686157312,1132.2942686157312,S
1003,2016-10-04,ULTRACEMCO.NS,0,2.529596307678702,0,1132.2942686157312,B
1004,2016-11-02,ULTRACEMCO.NS,9855.560421377879,0,-144.4395786221212,1132.2942686157312,S
1005,2017-01-13,ULTRACEMCO.NS,0,2.9688106052773846,0,1132.2942686157312,B
1006,2016-04-04,UBL.NS,10000,0,0,0,S
1007,2016-04-05,UBL.NS,0,12.064909566934254,0,0,B
1008,2016-04-06,UBL.NS,9921.578087814927,0,-78.42191218507287,0,S
1009,2016-05-12,UBL.NS,0,12.461945341415833,0,0,B
1010,2016-05-13,UBL.NS,9522.172131129126,0,-477.8278688708742,0,S
1011,2016-06-15,UBL.NS,0,12.494649568526809,0,0,B
1012,2016-06-24,UBL.NS,8979.280217466947,0,-1020.7197825330531,0,S
1013,2016-06-30,UBL.NS,0,11.960413210079183,0,0,B
1014,2016-10-27,UBL.NS,10000,0,422.30436326527524,422.30436326527524,S
1015,2017-01-13,UBL.NS,0,12.092629363788495,0,422.30436326527524,B
1016,2017-02-10,UBL.NS,9574.339298779541,0,-425.6607012204586,422.30436326527524,S
1017,2016-04-04,MCDOWELL-N.NS,0,19.596316361381238,0,0,B
1018,2016-04-05,MCDOWELL-N.NS,9596.904226950795,0,-403.0957730492046,0,S
1019,2016-04-22,MCDOWELL-N.NS,0,19.722773380418317,0,0,B
1020,2016-04-27,MCDOWELL-N.NS,9322.757797341237,0,-677.2422026587628,0,S
1021,2016-05-04,MCDOWELL-N.NS,0,18.72453257357266,0,0,B
1022,2016-05-24,MCDOWELL-N.NS,9229.135134473374,0,-770.8648655266261,0,S
1023,2016-07-01,MCDOWELL-N.NS,0,17.96495335166599,0,0,B
1024,2016-07-19,MCDOWELL-N.NS,8708.870238918249,0,-1291.129761081751,0,S
1025,2016-09-06,MCDOWELL-N.NS,0,18.354943866866844,0,0,B
1026,2016-09-23,MCDOWELL-N.NS,8414.089885228243,0,-1585.9101147717574,0,S
1027,2016-09-30,MCDOWELL-N.NS,0,17.05708556726627,0,0,B
1028,2016-10-26,MCDOWELL-N.NS,7942.9732651468985,0,-2057.0267348531015,0,S
1029,2017-01-05,MCDOWELL-N.NS,0,20.457871182617318,0,0,B
1030,2017-01-09,MCDOWELL-N.NS,7809.792323964161,0,-2190.2076760358386,0,S
1031,2017-01-16,MCDOWELL-N.NS,0,19.950422762067557,0,0,B
1032,2017-03-09,MCDOWELL-N.NS,8848.411284250313,0,-1151.5887157496873,0,S
1033,2016-04-04,VEDL.NS,0,110.31439417179915,0,0,B
1034,2016-04-05,VEDL.NS,9470.49057132255,0,-529.5094286774493,0,S
1035,2016-04-11,VEDL.NS,0,104.87807587220446,0,0,B
1036,2016-05-17,VEDL.NS,10000,0,493.05181107654425,493.05181107654425,S
1037,2016-05-30,VEDL.NS,0,93.89671361502347,0,493.05181107654425,B
1038,2016-09-15,VEDL.NS,10000,0,5549.296347747946,6042.34815882449,S
1039,2016-09-28,VEDL.NS,0,57.208236987496086,0,6042.34815882449,B
1040,2016-12-23,VEDL.NS,10000,0,2394.164194169658,8436.512352994148,S
1041,2017-01-09,VEDL.NS,0,43.00150448836733,0,8436.512352994148,B
1042,2017-03-10,VEDL.NS,10000,0,685.8738653592809,9122.38621835343,S
1043,2017-03-16,VEDL.NS,0,37.80003954423082,0,9122.38621835343,B
1044,2016-04-04,IDEA.NS,0,146.18429892833277,0,0,B
1045,2016-04-08,IDEA.NS,9612.173072787897,0,-387.8269272121033,0,S
1046,2016-04-11,IDEA.NS,0,138.38031371840734,0,0,B
1047,2016-05-09,IDEA.NS,9466.15434987643,0,-533.8456501235705,0,S
1048,2016-06-01,IDEA.NS,0,133.32686259781298,0,0,B
1049,2016-06-03,IDEA.NS,8477.335152611693,0,-1522.664847388307,0,S
1050,2016-07-14,IDEA.NS,0,130.66276677781426,0,0,B
1051,2016-08-01,IDEA.NS,8185.826153079359,0,-1814.1738469206412,0,S
1052,2016-11-29,IDEA.NS,0,171.30427026844694,0,0,B
1053,2016-12-05,IDEA.NS,7504.103197116676,0,-2495.896802883324,0,S
1054,2016-12-06,IDEA.NS,0,167.27491089339964,0,0,B
1055,2016-12-22,IDEA.NS,7211.606286907513,0,-2788.393713092487,0,S
1056,2017-01-10,IDEA.NS,0,160.53903990193155,0,0,B
1057,2017-01-12,IDEA.NS,6984.122496762053,0,-3015.877503237947,0,S
1058,2017-01-25,IDEA.NS,0,152.10617986855056,0,0,B
1059,2017-03-20,IDEA.NS,8960.590119061491,0,-1039.4098809385086,0,S
1060,2016-04-04,WIPRO.NS,0,47.09339692168308,0,0,B
1061,2016-04-05,WIPRO.NS,9871.953329707816,0,-128.046670292184,0,S
1062,2016-04-12,WIPRO.NS,0,46.221122773578244,0,0,B
1063,2016-04-25,WIPRO.NS,9575.58407727523,0,-424.4159227247692,0,S
1064,2016-06-01,WIPRO.NS,0,46.05018762446387,0,0,B
1065,2016-06-02,WIPRO.NS,9332.070241029563,0,-667.9297589704365,0,S
1066,2016-06-16,WIPRO.NS,0,45.25452011773489,0,0,B
1067,2016-07-20,WIPRO.NS,9144.535636719038,0,-855.4643632809621,0,S
1068,2016-10-20,WIPRO.NS,0,49.2237165235191,0,0,B
1069,2016-10-26,WIPRO.NS,8704.278704115175,0,-1295.721295884825,0,S
1070,2016-11-30,WIPRO.NS,0,49.89011799483052,0,0,B
1071,2016-12-12,WIPRO.NS,8485.36084199345,0,-1514.6391580065501,0,S
1072,2016-12-13,WIPRO.NS,0,48.79279930593621,0,0,B
1073,2017-01-30,WIPRO.NS,8521.955441472903,0,-1478.0445585270973,0,S
1074,2017-02-15,WIPRO.NS,0,47.872657716557676,0,0,B
1075,2016-04-04,ZEEL.NS,0,25.3324889170361,0,0,B
1076,2016-04-05,ZEEL.NS,9736.542269880067,0,-263.45773011993333,0,S
1077,2016-04-11,ZEEL.NS,0,24.671335158905222,0,0,B
1078,2016-06-27,ZEEL.NS,10000,0,850.4529017227578,850.4529017227578,S
1079,2016-07-01,ZEEL.NS,0,22.109220141251253,0,850.4529017227578,B
1080,2016-10-18,ZEEL.NS,10000,0,1366.3495348413871,2216.802436564145,S
1081,2017-01-04,ZEEL.NS,0,21.805494694526434,0,2216.802436564145,B
1082,2017-03-31,ZEEL.NS,10000,21.805494694526434,1677.9324174732774,3894.7348540374223,S
