,Date,Company,Money,Stock,Profit,B/S
0,04-01-2016,ACC,10000,0,0,S
1,08-02-2016,ACC,0,7.808839606,0,B
2,11-02-2016,ACC,9636.108074,0,0,S
3,22-02-2016,ACC,0,7.519397639,0,B
4,24-02-2016,ACC,9272.545198,0,0,S
5,17-03-2016,ACC,0,7.280007222,0,B
6,23-05-2016,ACC,10000,0,323.0502406,S
7,24-05-2016,ACC,0,6.914912008,323.0502406,B
8,26-08-2016,ACC,10000,0,1651.059092,S
9,30-08-2016,ACC,0,5.922065616,1651.059092,B
10,12-09-2016,ACC,9371.076632,0,1651.059092,S
11,04-01-2016,ADANIPORTS,10000,0,0,S
12,03-03-2016,ADANIPORTS,0,43.95604396,0,B
13,08-04-2016,ADANIPORTS,9637.362637,0,0,S
14,13-04-2016,ADANIPORTS,0,41.26466554,0,B
15,04-05-2016,ADANIPORTS,8593.366599,0,0,S
16,06-06-2016,ADANIPORTS,0,42.18638488,0,B
17,30-09-2016,ADANIPORTS,10000,0,831.3543168,S
18,04-10-2016,ADANIPORTS,0,37.21622627,831.3543168,B
19,05-10-2016,ADANIPORTS,9879.047265,0,831.3543168,S
20,20-10-2016,ADANIPORTS,0,34.63294396,831.3543168,B
21,15-11-2016,ADANIPORTS,9234.874507,0,831.3543168,S
22,08-12-2016,ADANIPORTS,0,32.16605541,831.3543168,B
23,22-12-2016,ADANIPORTS,8477.363902,0,831.3543168,S
24,04-01-2016,ADANITRANS,10000,0,0,S
25,01-02-2016,ADANITRANS,0,255.7544757,0,B
26,03-02-2016,ADANITRANS,8299.232737,0,0,S
27,15-03-2016,ADANITRANS,0,262.2190438,0,B
28,27-04-2016,ADANITRANS,8456.564163,0,0,S
29,01-06-2016,ADANITRANS,0,263.8553561,0,B
30,29-09-2016,ADANITRANS,9973.73246,0,0,S
31,05-10-2016,ADANITRANS,0,231.4091058,0,B
32,26-12-2016,ADANITRANS,10000,0,1963.85077,S
33,28-12-2016,ADANITRANS,0,179.5332136,1963.85077,B
34,04-01-2016,AMBUJACEM,10000,0,0,S
35,08-02-2016,AMBUJACEM,0,50.7227999,0,B
36,11-02-2016,AMBUJACEM,9807.25336,0,0,S
37,15-02-2016,AMBUJACEM,0,49.53158263,0,B
38,17-02-2016,AMBUJACEM,9579.40808,0,0,S
39,04-03-2016,AMBUJACEM,0,47.32909131,0,B
40,03-05-2016,AMBUJACEM,10000,0,346.1393594,S
41,27-05-2016,AMBUJACEM,0,43.4310532,346.1393594,B
42,14-09-2016,AMBUJACEM,10000,0,1814.108958,S
43,04-01-2016,ASHOKLEY,0,108.6956522,0,B
44,13-01-2016,ASHOKLEY,9804.347826,0,0,S
45,01-02-2016,ASHOKLEY,0,107.1513424,0,B
46,11-02-2016,ASHOKLEY,8668.543597,0,0,S
47,18-02-2016,ASHOKLEY,0,96.53166589,0,B
48,26-02-2016,ASHOKLEY,8258.284017,0,0,S
49,01-03-2016,ASHOKLEY,0,90.70053835,0,B
50,04-05-2016,ASHOKLEY,9251.454912,0,0,S
51,31-05-2016,ASHOKLEY,0,84.91468483,0,B
52,16-06-2016,ASHOKLEY,8440.519672,0,0,S
53,20-10-2016,ASHOKLEY,0,98.48914436,0,B
54,16-11-2016,ASHOKLEY,7780.642405,0,0,S
55,04-01-2016,ASIANPAINT,0,11.35331517,0,B
56,07-01-2016,ASIANPAINT,9904.064487,0,0,S
57,01-02-2016,ASIANPAINT,0,11.16076683,0,B
58,12-02-2016,ASIANPAINT,9541.339565,0,0,S
59,03-03-2016,ASIANPAINT,0,10.83935196,0,B
60,22-03-2016,ASIANPAINT,9249.760997,0,0,S
61,04-04-2016,ASIANPAINT,0,10.43814365,0,B
62,06-04-2016,ASIANPAINT,9011.249415,0,0,S
63,18-04-2016,ASIANPAINT,0,10.17990219,0,B
64,05-05-2016,ASIANPAINT,8826.48419,0,0,S
65,06-05-2016,ASIANPAINT,0,9.927995264,0,B
66,21-10-2016,ASIANPAINT,10000,0,1451.942538,S
67,04-01-2016,AUROPHARMA,10000,0,0,S
68,10-03-2016,AUROPHARMA,0,13.80834024,0,B
69,23-05-2016,AUROPHARMA,10000,0,490.1960784,S
70,03-06-2016,AUROPHARMA,0,12.66143327,490.1960784,B
71,09-06-2016,AUROPHARMA,9532.793112,0,490.1960784,S
72,07-07-2016,AUROPHARMA,0,12.49628775,490.1960784,B
73,04-08-2016,AUROPHARMA,9384.087288,0,490.1960784,S
74,25-08-2016,AUROPHARMA,0,11.88084736,490.1960784,B
75,24-10-2016,AUROPHARMA,9723.28548,0,490.1960784,S
76,04-01-2016,AXISBANK,10000,0,0,S
77,27-01-2016,AXISBANK,0,24.07318247,0,B
78,01-02-2016,AXISBANK,9612.421762,0,0,S
79,03-03-2016,AXISBANK,0,23.04308225,0,B
80,23-09-2016,AXISBANK,10000,0,2845.366202,S
81,04-01-2016,BAJAJ-AUTO,10000,0,0,S
82,08-02-2016,BAJAJ-AUTO,0,4.246194348,0,B
83,12-02-2016,BAJAJ-AUTO,9784.930256,0,0,S
84,17-02-2016,BAJAJ-AUTO,0,4.150641692,0,B
85,26-02-2016,BAJAJ-AUTO,9289.55117,0,0,S
86,28-03-2016,BAJAJ-AUTO,0,3.940675407,0,B
87,20-05-2016,BAJAJ-AUTO,9666.476773,0,0,S
88,27-05-2016,BAJAJ-AUTO,0,3.770517913,0,B
89,26-09-2016,BAJAJ-AUTO,10000,0,902.8295966,S
90,08-12-2016,BAJAJ-AUTO,0,3.598934715,902.8295966,B
91,13-12-2016,BAJAJ-AUTO,9570.107248,0,902.8295966,S
92,04-01-2016,BAJFINANCE,10000,0,0,S
93,06-01-2016,BAJFINANCE,0,1.637398174,0,B
94,15-01-2016,BAJFINANCE,9783.945311,0,0,S
95,03-02-2016,BAJFINANCE,0,1.533593842,0,B
96,22-02-2016,BAJFINANCE,9205.320354,0,0,S
97,03-03-2016,BAJFINANCE,0,1.482887439,0,B
98,08-09-2016,BAJFINANCE,1724.301514,0,0,S
99,04-01-2016,BAJAJFINSV,10000,0,0,S
100,08-01-2016,BAJAJFINSV,0,4.9990002,0,B
101,11-01-2016,BAJAJFINSV,9715.056989,0,0,S
102,13-01-2016,BAJAJFINSV,0,4.888201962,0,B
103,15-01-2016,BAJAJFINSV,9314.468838,0,0,S
104,31-03-2016,BAJAJFINSV,0,5.443556097,0,B
105,23-05-2016,BAJAJFINSV,9831.878845,0,0,S
106,06-06-2016,BAJAJFINSV,0,5.268959724,0,B
107,13-06-2016,BAJAJFINSV,9335.806287,0,0,S
108,15-06-2016,BAJAJFINSV,0,4.795216132,0,B
109,08-11-2016,BAJAJFINSV,10000,0,4731.143717,S
110,04-01-2016,BAJAJHLDNG,10000,0,0,S
111,10-03-2016,BAJAJHLDNG,0,6.947339169,0,B
112,02-05-2016,BAJAJHLDNG,10000,0,18.75781576,S
113,11-05-2016,BAJAJHLDNG,0,6.763154335,18.75781576,B
114,16-11-2016,BAJAJHLDNG,10000,0,3380.04552,S
115,30-11-2016,BAJAJHLDNG,0,4.682853731,3380.04552,B
116,02-12-2016,BAJAJHLDNG,9453.51097,0,3380.04552,S
117,04-01-2016,BANKBARODA,10000,0,0,S
118,17-02-2016,BANKBARODA,0,72.3065799,0,B
119,17-05-2016,BANKBARODA,10000,0,260.3036876,S
120,09-06-2016,BANKBARODA,0,67.09158001,260.3036876,B
121,28-07-2016,BANKBARODA,10000,0,625.9527987,S
122,09-08-2016,BANKBARODA,0,63.11139161,625.9527987,B
123,11-08-2016,BANKBARODA,9211.107605,0,625.9527987,S
124,19-08-2016,BANKBARODA,0,56.98179774,625.9527987,B
125,10-10-2016,BANKBARODA,9228.202144,0,625.9527987,S
126,15-11-2016,BANKBARODA,0,52.94436113,625.9527987,B
127,07-12-2016,BANKBARODA,8338.736877,0,625.9527987,S
128,04-01-2016,BERGEPAINT,0,37.95786677,0,B
129,05-01-2016,BERGEPAINT,9772.252799,0,0,S
130,25-01-2016,BERGEPAINT,0,36.96010892,0,B
131,12-02-2016,BERGEPAINT,8803.897946,0,0,S
132,31-03-2016,BERGEPAINT,0,35.9636354,0,B
133,27-06-2016,BERGEPAINT,9855.834281,0,0,S
134,08-07-2016,BERGEPAINT,0,33.16787576,0,B
135,15-07-2016,BERGEPAINT,7408.04505,0,0,S
136,26-08-2016,BERGEPAINT,0,29.53177218,0,B
137,25-10-2016,BERGEPAINT,7613.290867,0,0,S
138,04-01-2016,BPCL,10000,0,0,S
139,05-01-2016,BPCL,0,11.07849111,0,B
140,07-01-2016,BPCL,9796.155764,0,0,S
141,08-01-2016,BPCL,0,10.84185243,0,B
142,11-01-2016,BPCL,9628.107051,0,0,S
143,14-01-2016,BPCL,0,10.58731807,0,B
144,20-01-2016,BPCL,9375.070149,0,0,S
145,15-03-2016,BPCL,0,11.56131477,0,B
146,16-05-2016,BPCL,10000,0,667.6251407,S
147,17-05-2016,BPCL,0,10.57865228,667.6251407,B
148,20-05-2016,BPCL,9737.649423,0,667.6251407,S
149,27-05-2016,BPCL,0,9.622183225,667.6251407,B
150,13-07-2016,BPCL,5249.863167,0,667.6251407,S
151,26-09-2016,BPCL,0,8.434192574,667.6251407,B
152,16-11-2016,BPCL,5348.543221,0,667.6251407,S
153,04-01-2016,BHARTIARTL,10000,0,0,S
154,10-02-2016,BHARTIARTL,0,32.12335368,0,B
155,08-04-2016,BHARTIARTL,10000,0,748.4741407,S
156,11-04-2016,BHARTIARTL,0,28.71500359,748.4741407,B
157,18-05-2016,BHARTIARTL,10000,0,834.6191515,S
158,01-06-2016,BHARTIARTL,0,27.52924983,834.6191515,B
159,07-06-2016,BHARTIARTL,9611.837577,0,834.6191515,S
160,20-06-2016,BHARTIARTL,0,26.36992477,834.6191515,B
161,03-08-2016,BHARTIARTL,9462.847502,0,834.6191515,S
162,29-11-2016,BHARTIARTL,0,29.12989842,834.6191515,B
163,20-12-2016,BHARTIARTL,8813.250768,0,834.6191515,S
164,04-01-2016,INFRATEL,0,23.2531101,0,B
165,05-01-2016,INFRATEL,9794.209976,0,0,S
166,23-02-2016,INFRATEL,0,26.02420613,0,B
167,24-02-2016,INFRATEL,9363.509364,0,0,S
168,08-03-2016,INFRATEL,0,24.72866596,0,B
169,08-04-2016,INFRATEL,9138.478504,0,0,S
170,11-04-2016,INFRATEL,0,23.96349418,0,B
171,25-04-2016,INFRATEL,8789.809664,0,0,S
172,16-05-2016,INFRATEL,0,22.81882052,0,B
173,07-06-2016,INFRATEL,8538.802638,0,0,S
174,19-07-2016,INFRATEL,0,23.93162174,0,B
175,16-08-2016,INFRATEL,8377.264191,0,0,S
176,21-09-2016,INFRATEL,0,22.48024739,0,B
177,28-10-2016,INFRATEL,7770.297512,0,0,S
178,03-11-2016,INFRATEL,0,20.39983595,0,B
179,07-11-2016,INFRATEL,7250.101695,0,0,S
180,10-11-2016,INFRATEL,0,18.70993986,0,B
181,17-11-2016,INFRATEL,6714.061918,0,0,S
182,30-11-2016,INFRATEL,0,17.88270587,0,B
183,13-12-2016,INFRATEL,6355.513665,0,0,S
184,04-01-2016,BIOCON,0,18.71958068,0,B
185,07-01-2016,BIOCON,9571.321602,0,0,S
186,03-03-2016,BIOCON,0,19.78976864,0,B
187,18-03-2016,BIOCON,9089.440736,0,0,S
188,29-03-2016,BIOCON,0,18.84798494,0,B
189,18-07-2016,BIOCON,10000,0,3086.155942,S
190,22-07-2016,BIOCON,0,12.35025318,3086.155942,B
191,27-10-2016,BIOCON,10000,0,4458.886583,S
192,01-12-2016,BIOCON,0,10.80788976,4458.886583,B
193,04-01-2016,BOSCHLTD,10000,0,0,S
194,03-03-2016,BOSCHLTD,0,0.578440928,0,B
195,05-05-2016,BOSCHLTD,10000,0,1045.011381,S
196,11-05-2016,BOSCHLTD,0,0.49885015,1045.011381,B
197,27-06-2016,BOSCHLTD,10000,0,1486.294224,S
198,29-06-2016,BOSCHLTD,0,0.440796608,1486.294224,B
199,22-08-2016,BOSCHLTD,10000,0,1931.21228,S
200,07-09-2016,BOSCHLTD,0,0.412071214,1931.21228,B
201,12-09-2016,BOSCHLTD,9676.050215,0,1931.21228,S
202,08-12-2016,BOSCHLTD,0,0.462468824,1931.21228,B
203,19-12-2016,BOSCHLTD,9167.149521,0,1931.21228,S
204,30-12-2016,BOSCHLTD,0,0.435495073,1931.21228,B
205,04-01-2016,BRITANNIA,10000,0,0,S
206,06-01-2016,BRITANNIA,0,3.331445514,0,B
207,07-01-2016,BRITANNIA,9816.27078,0,0,S
208,05-02-2016,BRITANNIA,0,3.429264901,0,B
209,10-02-2016,BRITANNIA,9334.459061,0,0,S
210,01-03-2016,BRITANNIA,0,3.284815097,0,B
211,17-03-2016,BRITANNIA,8861.117206,0,0,S
212,18-04-2016,BRITANNIA,0,3.108454986,0,B
213,24-05-2016,BRITANNIA,8249.994956,0,0,S
214,01-07-2016,BRITANNIA,0,2.937718533,0,B
215,13-10-2016,BRITANNIA,9769.236095,0,0,S
216,04-01-2016,CADILAHC,10000,0,0,S
217,03-02-2016,CADILAHC,0,31.54076644,0,B
218,28-03-2016,CADILAHC,10000,0,48.88818798,S
219,22-04-2016,CADILAHC,0,29.78850164,48.88818798,B
220,03-05-2016,CADILAHC,9535.299374,0,48.88818798,S
221,11-05-2016,CADILAHC,0,28.63453266,48.88818798,B
222,17-05-2016,CADILAHC,9178.799443,0,48.88818798,S
223,30-05-2016,CADILAHC,0,27.47320995,48.88818798,B
224,07-06-2016,CADILAHC,8772.195936,0,48.88818798,S
225,30-06-2016,CADILAHC,0,26.72820212,48.88818798,B
226,08-11-2016,CADILAHC,10000,0,62.60911212,S
227,28-11-2016,CADILAHC,0,24.33978338,62.60911212,B
228,13-12-2016,CADILAHC,9334.306925,0,62.60911212,S
229,04-01-2016,CIPLA,10000,0,0,S
230,22-04-2016,CIPLA,0,18.81998683,0,B
231,18-05-2016,CIPLA,9872.02409,0,0,S
232,29-06-2016,CIPLA,0,19.64777409,0,B
233,10-10-2016,CIPLA,10000,0,1408.480023,S
234,18-10-2016,CIPLA,0,16.87051877,1408.480023,B
235,25-10-2016,CIPLA,9860.81822,0,1408.480023,S
236,30-11-2016,CIPLA,0,17.40349139,1408.480023,B
237,22-12-2016,CIPLA,9770.320065,0,1408.480023,S
238,23-12-2016,CIPLA,0,16.77884263,1408.480023,B
239,26-12-2016,CIPLA,9311.418719,0,1408.480023,S
240,04-01-2016,COALINDIA,10000,0,0,S
241,02-02-2016,COALINDIA,0,31.35287663,0,B
242,11-02-2016,COALINDIA,9565.762659,0,0,S
243,15-02-2016,COALINDIA,0,29.50119556,0,B
244,22-02-2016,COALINDIA,9260.425285,0,0,S
245,04-03-2016,COALINDIA,0,28.48047143,0,B
246,15-03-2016,COALINDIA,8420.251378,0,0,S
247,30-05-2016,COALINDIA,0,28.78226415,0,B
248,09-09-2016,COALINDIA,9561.468151,0,0,S
249,01-11-2016,COALINDIA,0,28.96975656,0,B
250,08-11-2016,COALINDIA,9184.861316,0,0,S
251,10-11-2016,COALINDIA,0,27.56561019,0,B
252,15-11-2016,COALINDIA,8645.953637,0,0,S
253,04-01-2016,COLPAL,10000,0,0,S
254,18-03-2016,COLPAL,0,11.75226231,0,B
255,29-03-2016,COLPAL,9746.151134,0,0,S
256,20-04-2016,COLPAL,0,11.44451754,0,B
257,16-05-2016,COLPAL,9436.004709,0,0,S
258,30-05-2016,COLPAL,0,11.05177408,0,B
259,29-08-2016,COLPAL,10000,0,364.9063202,S
260,06-09-2016,COLPAL,0,10.25378108,364.9063202,B
261,13-10-2016,COLPAL,9563.701615,0,364.9063202,S
262,01-11-2016,COLPAL,0,9.828581897,364.9063202,B
263,15-11-2016,COLPAL,8991.186719,0,364.9063202,S
264,04-01-2016,CONCOR,10000,0,0,S
265,01-03-2016,CONCOR,0,8.429570935,0,B
266,16-03-2016,CONCOR,9728.567816,0,0,S
267,21-03-2016,CONCOR,0,8.11051923,0,B
268,14-06-2016,CONCOR,10000,0,867.2847157,S
269,28-06-2016,CONCOR,0,7.239819005,867.2847157,B
270,12-08-2016,CONCOR,10000,0,985.2937655,S
271,03-10-2016,CONCOR,0,7.220216606,985.2937655,B
272,17-10-2016,CONCOR,9540.794224,0,985.2937655,S
273,30-10-2016,CONCOR,0,6.948866878,985.2937655,B
274,15-11-2016,CONCOR,9063.407069,0,985.2937655,S
275,04-01-2016,DLF,10000,0,0,S
276,02-03-2016,DLF,0,92.76437848,0,B
277,24-05-2016,DLF,10000,0,1131.725417,S
278,26-05-2016,DLF,0,78.125,1131.725417,B
279,31-08-2016,DLF,10000,0,3229.381667,S
280,06-10-2016,DLF,0,64.45375443,3229.381667,B
281,13-10-2016,DLF,9523.042217,0,3229.381667,S
282,21-10-2016,DLF,0,60.98650155,3229.381667,B
283,27-10-2016,DLF,9059.544805,0,3229.381667,S
284,04-01-2016,DABUR,0,36.11412062,0,B
285,05-01-2016,DABUR,9965.691585,0,0,S
286,08-03-2016,DABUR,0,40.08725497,0,B
287,22-07-2016,DABUR,10000,0,2330.839629,S
288,26-10-2016,DABUR,0,33.70407819,2330.839629,B
289,15-11-2016,DABUR,9125.379171,0,2330.839629,S
290,04-01-2016,DIVISLAB,10000,0,0,S
291,28-01-2016,DIVISLAB,0,8.85621928,0,B
292,08-02-2016,DIVISLAB,9464.198734,0,0,S
293,04-04-2016,DIVISLAB,0,9.364930471,0,B
294,25-05-2016,DIVISLAB,9739.995936,0,0,S
295,27-05-2016,DIVISLAB,0,8.979851506,0,B
296,04-10-2016,DIVISLAB,10000,0,1661.684158,S
297,04-01-2016,DRREDDY,10000,0,0,S
298,29-01-2016,DRREDDY,0,3.220197076,0,B
299,11-02-2016,DRREDDY,9291.395633,0,0,S
300,19-02-2016,DRREDDY,0,3.037595016,0,B
301,29-03-2016,DRREDDY,8934.478219,0,0,S
302,20-04-2016,DRREDDY,0,2.873977714,0,B
303,03-05-2016,DRREDDY,8505.105949,0,0,S
304,24-05-2016,DRREDDY,0,2.811465861,0,B
305,17-06-2016,DRREDDY,8442.691406,0,0,S
306,23-06-2016,DRREDDY,0,2.662007979,0,B
307,27-07-2016,DRREDDY,7933.31618,0,0,S
308,06-09-2016,DRREDDY,0,2.532138389,0,B
309,06-10-2016,DRREDDY,7791.769644,0,0,S
310,26-10-2016,DRREDDY,0,2.403161226,0,B
311,22-11-2016,DRREDDY,7501.828242,0,0,S
312,01-12-2016,DRREDDY,0,2.316272711,0,B
313,02-12-2016,DRREDDY,7366.905356,0,0,S
314,08-12-2016,DRREDDY,0,2.293771322,0,B
315,12-12-2016,DRREDDY,7220.562746,0,0,S
316,04-01-2016,EICHERMOT,0,0.571582082,0,B
317,05-01-2016,EICHERMOT,9808.29137,0,0,S
318,06-01-2016,EICHERMOT,0,0.559672661,0,B
319,07-01-2016,EICHERMOT,9534.387569,0,0,S
320,02-02-2016,EICHERMOT,0,0.554418336,0,B
321,21-03-2016,EICHERMOT,10000,0,177.0970256,S
322,01-04-2016,EICHERMOT,0,0.519371249,177.0970256,B
323,16-05-2016,EICHERMOT,9900.852029,0,177.0970256,S
324,28-06-2016,EICHERMOT,0,0.516574728,177.0970256,B
325,28-10-2016,EICHERMOT,10000,0,2585.22198,S
326,08-12-2016,EICHERMOT,0,0.430110302,2585.22198,B
327,15-12-2016,EICHERMOT,9253.952176,0,2585.22198,S
328,04-01-2016,GAIL,10000,0,0,S
329,05-01-2016,GAIL,0,26.86366689,0,B
330,12-01-2016,GAIL,9828.072532,0,0,S
331,29-01-2016,GAIL,0,26.66324615,0,B
332,05-02-2016,GAIL,9133.49497,0,0,S
333,09-03-2016,GAIL,0,26.12929472,0,B
334,10-06-2016,GAIL,9640.403287,0,0,S
335,16-06-2016,GAIL,0,25.21355639,0,B
336,01-08-2016,GAIL,9581.15143,0,0,S
337,31-08-2016,GAIL,0,24.95741451,0,B
338,27-09-2016,GAIL,9310.363482,0,0,S
339,04-10-2016,GAIL,0,23.13421166,0,B
340,22-11-2016,GAIL,9590.287443,0,0,S
341,02-12-2016,GAIL,0,22.15358615,0,B
342,14-12-2016,GAIL,9284.567955,0,0,S
343,23-12-2016,GAIL,0,21.51446635,0,B
344,04-01-2016,GODREJCP,10000,0,0,S
345,05-02-2016,GODREJCP,0,8.02632635,0,B
346,11-02-2016,GODREJCP,9527.249378,0,0,S
347,15-02-2016,GODREJCP,0,7.645347172,0,B
348,16-02-2016,GODREJCP,9147.657891,0,0,S
349,02-03-2016,GODREJCP,0,7.257166117,0,B
350,06-05-2016,GODREJCP,9606.673648,0,0,S
351,10-05-2016,GODREJCP,0,6.944499691,0,B
352,04-08-2016,GODREJCP,10000,0,1011.89316,S
353,06-09-2016,GODREJCP,0,6.161239641,1011.89316,B
354,30-09-2016,GODREJCP,9775.730877,0,1011.89316,S
355,03-10-2016,GODREJCP,0,5.964812299,1011.89316,B
356,14-10-2016,GODREJCP,9383.246228,0,1011.89316,S
357,29-12-2016,GODREJCP,0,6.312520588,1011.89316,B
358,04-01-2016,GRASIM,10000,0,0,S
359,04-03-2016,GRASIM,0,2.844707422,0,B
360,16-08-2016,GRASIM,10000,0,2757.374904,S
361,15-09-2016,GRASIM,0,2.115036855,2757.374904,B
362,06-10-2016,GRASIM,2134.495194,0,2757.374904,S
363,04-01-2016,HCLTECH,0,11.82102961,0,B
364,05-01-2016,HCLTECH,9962.763757,0,0,S
365,18-01-2016,HCLTECH,0,11.82734464,0,B
366,10-02-2016,HCLTECH,9785.944954,0,0,S
367,03-03-2016,HCLTECH,0,11.38827529,0,B
368,08-03-2016,HCLTECH,9284.291428,0,0,S
369,05-04-2016,HCLTECH,0,11.01012918,0,B
370,29-04-2016,HCLTECH,8260.899921,0,0,S
371,14-06-2016,HCLTECH,0,10.97939915,0,B
372,28-06-2016,HCLTECH,7830.507474,0,0,S
373,27-07-2016,HCLTECH,0,10.39217979,0,B
374,29-08-2016,HCLTECH,7847.134962,0,0,S
375,07-09-2016,HCLTECH,0,9.969679789,0,B
376,08-09-2016,HCLTECH,7716.033673,0,0,S
377,19-09-2016,HCLTECH,0,9.778890657,0,B
378,27-10-2016,HCLTECH,7571.795036,0,0,S
379,29-11-2016,HCLTECH,0,9.402452546,0,B
380,04-01-2016,HDFCBANK,10000,0,0,S
381,02-02-2016,HDFCBANK,0,9.489466692,0,B
382,03-02-2016,HDFCBANK,9905.579806,0,0,S
383,04-02-2016,HDFCBANK,0,9.441078733,0,B
384,09-02-2016,HDFCBANK,9687.018834,0,0,S
385,08-03-2016,HDFCBANK,0,9.551860015,0,B
386,13-10-2016,HDFCBANK,10000,0,2061.611233,S
387,04-01-2016,HAVELLS,10000,0,0,S
388,27-01-2016,HAVELLS,0,33.30557868,0,B
389,11-02-2016,HAVELLS,8990.840966,0,0,S
390,11-03-2016,HAVELLS,0,30.91760992,0,B
391,30-06-2016,HAVELLS,10000,0,1127.247812,S
392,01-07-2016,HAVELLS,0,27.26281352,1127.247812,B
393,11-07-2016,HAVELLS,9749.182116,0,1127.247812,S
394,20-07-2016,HAVELLS,0,26.61892728,1127.247812,B
395,22-09-2016,HAVELLS,10000,0,2026.367586,S
396,28-09-2016,HAVELLS,0,23.85211688,2026.367586,B
397,29-09-2016,HAVELLS,9754.323196,0,2026.367586,S
398,30-09-2016,HAVELLS,0,23.32454136,2026.367586,B
399,21-10-2016,HAVELLS,9619.040856,0,2026.367586,S
400,04-01-2016,HEROMOTOCO,10000,0,0,S
401,01-02-2016,HEROMOTOCO,0,3.943839722,0,B
402,03-05-2016,HEROMOTOCO,10000,0,1379.752327,S
403,11-05-2016,HEROMOTOCO,0,3.376610221,1379.752327,B
404,16-05-2016,HEROMOTOCO,9794.195607,0,1379.752327,S
405,27-05-2016,HEROMOTOCO,0,3.262013524,1379.752327,B
406,29-09-2016,HEROMOTOCO,10000,0,2562.750192,S
407,04-10-2016,HEROMOTOCO,0,2.829374567,2562.750192,B
408,06-10-2016,HEROMOTOCO,9829.954589,0,2562.750192,S
409,13-10-2016,HEROMOTOCO,0,2.808117178,2562.750192,B
410,17-10-2016,HEROMOTOCO,9563.043051,0,2562.750192,S
411,06-12-2016,HEROMOTOCO,0,2.991302038,2562.750192,B
412,19-12-2016,HEROMOTOCO,9294.424128,0,2562.750192,S
413,04-01-2016,HINDALCO,10000,0,0,S
414,02-03-2016,HINDALCO,0,133.4222815,0,B
415,10-05-2016,HINDALCO,10000,0,1987.991995,S
416,30-05-2016,HINDALCO,0,97.13453133,1987.991995,B
417,15-09-2016,HINDALCO,10000,0,6125.923029,S
418,26-09-2016,HINDALCO,0,65.10416667,6125.923029,B
419,27-09-2016,HINDALCO,9768.880208,0,6125.923029,S
420,28-09-2016,HINDALCO,0,62.26182414,6125.923029,B
421,24-10-2016,HINDALCO,9392.196172,0,6125.923029,S
422,02-11-2016,HINDALCO,0,60.01403305,6125.923029,B
423,21-12-2016,HINDALCO,10000,0,6256.291808,S
424,04-01-2016,HINDPETRO,0,11.67610485,0,B
425,18-01-2016,HINDPETRO,9602.42863,0,0,S
426,08-03-2016,HINDPETRO,0,12.77768281,0,B
427,24-05-2016,HINDPETRO,10000,0,318.6177512,S
428,25-05-2016,HINDPETRO,0,11.89060642,318.6177512,B
429,26-08-2016,HINDPETRO,10000,0,4353.69504,S
430,31-08-2016,HINDPETRO,0,8.20546484,4353.69504,B
431,14-09-2016,HINDPETRO,3275.621564,0,4353.69504,S
432,29-11-2016,HINDPETRO,0,6.890967843,4353.69504,B
433,02-12-2016,HINDPETRO,3005.495625,0,4353.69504,S
434,04-01-2016,HINDUNILVR,0,11.64144354,0,B
435,05-01-2016,HINDUNILVR,9871.362049,0,0,S
436,04-02-2016,HINDUNILVR,0,11.82482277,0,B
437,03-05-2016,HINDUNILVR,10000,0,62.92417778,S
438,02-06-2016,HINDUNILVR,0,11.51808339,62.92417778,B
439,26-08-2016,HINDUNILVR,10000,0,481.0306049,S
440,01-09-2016,HINDUNILVR,0,10.801469,481.0306049,B
441,16-09-2016,HINDUNILVR,9847.699287,0,481.0306049,S
442,01-12-2016,HINDUNILVR,0,11.61148365,481.0306049,B
443,14-12-2016,HINDUNILVR,9542.317267,0,481.0306049,S
444,04-01-2016,HINDZINC,10000,0,0,S
445,05-01-2016,HINDZINC,0,66.11570248,0,B
446,06-01-2016,HINDZINC,9633.057851,0,0,S
447,25-01-2016,HINDZINC,0,63.71070007,0,B
448,08-04-2016,HINDZINC,10000,0,200.0830819,S
449,22-04-2016,HINDZINC,0,58.10575247,200.0830819,B
450,05-05-2016,HINDZINC,9747.239977,0,200.0830819,S
451,31-05-2016,HINDZINC,0,57.08486077,200.0830819,B
452,16-09-2016,HINDZINC,10000,0,2290.656593,S
453,23-09-2016,HINDZINC,0,43.96570675,2290.656593,B
454,16-11-2016,HINDZINC,10000,0,2752.296514,S
455,23-11-2016,HINDZINC,0,38.7897595,2752.296514,B
456,22-12-2016,HINDZINC,10000,0,2874.484257,S
457,04-01-2016,HDFC,10000,0,0,S
458,02-02-2016,HDFC,0,8.476012884,0,B
459,10-02-2016,HDFC,9463.892185,0,0,S
460,08-03-2016,HDFC,0,8.25495415,0,B
461,04-04-2016,HDFC,9110.992895,0,0,S
462,21-04-2016,HDFC,0,7.921913656,0,B
463,28-04-2016,HDFC,8599.633369,0,0,S
464,05-05-2016,HDFC,0,7.396579683,0,B
465,13-10-2016,HDFC,9903.280538,0,0,S
466,01-11-2016,HDFC,0,6.987920222,0,B
467,10-11-2016,HDFC,9255.849729,0,0,S
468,04-01-2016,ICICIBANK,10000,0,0,S
469,04-03-2016,ICICIBANK,0,45.35147392,0,B
470,04-05-2016,ICICIBANK,9725.623583,0,0,S
471,26-05-2016,ICICIBANK,0,40.3301828,0,B
472,24-06-2016,ICICIBANK,9314.255718,0,0,S
473,04-07-2016,ICICIBANK,0,37.53478025,0,B
474,03-08-2016,ICICIBANK,9087.170298,0,0,S
475,31-08-2016,ICICIBANK,0,35.2215903,0,B
476,29-09-2016,ICICIBANK,8817.725132,0,0,S
477,20-10-2016,ICICIBANK,0,31.76413952,0,B
478,18-11-2016,ICICIBANK,8404.791318,0,0,S
479,30-09-2016,ICICIPRULI,0,32.23207091,0,B
480,28-10-2016,ICICIPRULI,9946.817083,0,0,S
481,16-12-2016,ICICIPRULI,0,32.02967987,0,B
482,27-12-2016,ICICIPRULI,9463.168917,0,0,S
483,04-01-2016,ITC,10000,0,0,S
484,01-02-2016,ITC,0,30.79291763,0,B
485,10-02-2016,ITC,9515.011547,0,0,S
486,03-03-2016,ITC,0,29.90731274,0,B
487,03-05-2016,ITC,9452.206191,0,0,S
488,17-05-2016,ITC,0,28.59971616,0,B
489,01-07-2016,ITC,7217.138373,0,0,S
490,01-09-2016,ITC,0,27.65187116,0,B
491,21-09-2016,ITC,7013.89712,0,0,S
492,07-11-2016,ITC,0,27.34462815,0,B
493,16-11-2016,ITC,6313.874639,0,0,S
494,29-12-2016,ITC,0,26.7537061,0,B
495,04-01-2016,IBULHSGFIN,10000,0,0,S
496,06-01-2016,IBULHSGFIN,0,13.58972617,0,B
497,07-01-2016,IBULHSGFIN,9747.91058,0,0,S
498,11-01-2016,IBULHSGFIN,0,13.24084567,0,B
499,12-01-2016,IBULHSGFIN,9452.639721,0,0,S
500,08-03-2016,IBULHSGFIN,0,14.29510733,0,B
501,29-03-2016,IBULHSGFIN,8788.631986,0,0,S
502,30-03-2016,IBULHSGFIN,0,13.74082549,0,B
503,05-04-2016,IBULHSGFIN,8467.783711,0,0,S
504,20-04-2016,IBULHSGFIN,0,12.91608254,0,B
505,16-06-2016,IBULHSGFIN,9026.40428,0,0,S
506,12-07-2016,IBULHSGFIN,0,12.13063336,0,B
507,15-09-2016,IBULHSGFIN,9537.710476,0,0,S
508,23-09-2016,IBULHSGFIN,0,11.71277229,0,B
509,03-11-2016,IBULHSGFIN,9393.643377,0,0,S
510,04-01-2016,IOC,10000,0,0,S
511,05-01-2016,IOC,0,22.59121202,0,B
512,14-01-2016,IOC,9836.213713,0,0,S
513,08-03-2016,IOC,0,24.70789679,0,B
514,13-05-2016,IOC,10000,0,238.9524306,S
515,02-06-2016,IOC,0,23.80385622,238.9524306,B
516,21-06-2016,IOC,9823.851464,0,238.9524306,S
517,22-06-2016,IOC,0,23.64913689,238.9524306,B
518,18-10-2016,IOC,7607.927337,0,238.9524306,S
519,27-12-2016,IOC,0,23.97707954,238.9524306,B
520,04-01-2016,INDUSINDBK,10000,0,0,S
521,04-03-2016,INDUSINDBK,0,10.91822251,0,B
522,28-06-2016,INDUSINDBK,10000,0,1842.99596,S
523,30-06-2016,INDUSINDBK,0,8.996041742,1842.99596,B
524,27-10-2016,INDUSINDBK,10000,0,2449.778976,S
525,02-11-2016,INDUSINDBK,0,8.133718329,2449.778976,B
526,11-11-2016,INDUSINDBK,9698.23905,0,2449.778976,S
527,04-01-2016,INFY,10000,0,0,S
528,14-01-2016,INFY,0,8.826125331,0,B
529,11-02-2016,INFY,9520.300088,0,0,S
530,02-03-2016,INFY,0,8.23555371,0,B
531,05-05-2016,INFY,9820.486021,0,0,S
532,12-05-2016,INFY,0,8.11610415,0,B
533,23-05-2016,INFY,9641.93173,0,0,S
534,26-05-2016,INFY,0,7.812609269,0,B
535,13-06-2016,INFY,9225.910286,0,0,S
536,21-09-2016,INFY,0,8.738726295,0,B
537,26-09-2016,INFY,9052.446569,0,0,S
538,07-12-2016,INFY,0,9.36718395,0,B
539,04-01-2016,INDIGO,10000,0,0,S
540,23-03-2016,INDIGO,0,11.12966055,0,B
541,20-05-2016,INDIGO,10000,0,712.2982749,S
542,31-05-2016,INDIGO,0,9.395847036,712.2982749,B
543,03-06-2016,INDIGO,9327.257352,0,712.2982749,S
544,20-06-2016,INDIGO,0,8.703235376,712.2982749,B
545,11-07-2016,INDIGO,8778.953524,0,712.2982749,S
546,22-09-2016,INDIGO,0,9.830304601,712.2982749,B
547,15-11-2016,INDIGO,8686.057145,0,712.2982749,S
548,04-01-2016,JSWSTEEL,0,9.572125969,0,B
549,07-01-2016,JSWSTEEL,9824.351488,0,0,S
550,22-01-2016,JSWSTEEL,0,9.198830982,0,B
551,03-02-2016,JSWSTEEL,8954.142078,0,0,S
552,18-02-2016,JSWSTEEL,0,8.47288236,0,B
553,12-05-2016,JSWSTEEL,10000,0,868.1662026,S
554,24-05-2016,JSWSTEEL,0,7.574896792,868.1662026,B
555,25-05-2016,JSWSTEEL,9850.017044,0,868.1662026,S
556,26-05-2016,JSWSTEEL,0,7.468074638,868.1662026,B
557,27-09-2016,JSWSTEEL,10000,0,4014.591391,S
558,28-09-2016,JSWSTEEL,0,5.631423342,4014.591391,B
559,29-09-2016,JSWSTEEL,9451.499366,0,4014.591391,S
560,05-10-2016,JSWSTEEL,0,5.286960545,4014.591391,B
561,17-10-2016,JSWSTEEL,9092.250397,0,4014.591391,S
562,18-10-2016,JSWSTEEL,0,5.100555592,4014.591391,B
563,19-10-2016,JSWSTEEL,8920.361674,0,4014.591391,S
564,30-11-2016,JSWSTEEL,0,5.159260656,4014.591391,B
565,02-12-2016,JSWSTEEL,8547.089166,0,4014.591391,S
566,04-01-2016,KOTAKBANK,10000,0,0,S
567,08-03-2016,KOTAKBANK,0,15.37160864,0,B
568,15-03-2016,KOTAKBANK,9830.143725,0,0,S
569,16-03-2016,KOTAKBANK,0,15.09427059,0,B
570,03-08-2016,KOTAKBANK,10000,0,1414.287423,S
571,05-08-2016,KOTAKBANK,0,12.91405695,1414.287423,B
572,27-09-2016,KOTAKBANK,10000,0,1544.719399,S
573,26-10-2016,KOTAKBANK,0,12.3228589,1544.719399,B
574,17-11-2016,KOTAKBANK,9565.619224,0,1544.719399,S
575,04-01-2016,L&TFH,10000,0,0,S
576,09-03-2016,L&TFH,0,182.1493625,0,B
577,24-06-2016,L&TFH,10000,0,3287.795993,S
578,28-06-2016,L&TFH,0,129.1155584,3287.795993,B
579,18-07-2016,L&TFH,9728.857327,0,3287.795993,S
580,26-07-2016,L&TFH,0,124.092568,3287.795993,B
581,21-09-2016,L&TFH,10000,0,4660.879845,S
582,22-09-2016,L&TFH,0,106.2134891,4660.879845,B
583,26-09-2016,L&TFH,9776.951673,0,4660.879845,S
584,05-10-2016,L&TFH,0,101.2630935,4660.879845,B
585,15-11-2016,L&TFH,8582.04717,0,4660.879845,S
586,04-01-2016,LT,10000,0,0,S
587,19-02-2016,LT,0,8.691873099,0,B
588,25-02-2016,LT,9443.285528,0,0,S
589,03-03-2016,LT,0,7.823117826,0,B
590,03-08-2016,LT,10000,0,1567.262018,S
591,07-09-2016,LT,0,6.586530545,1567.262018,B
592,14-09-2016,LT,9717.108513,0,1567.262018,S
593,20-10-2016,LT,0,6.462347297,1567.262018,B
594,02-11-2016,LT,9361.679412,0,1567.262018,S
595,04-01-2016,LUPIN,10000,0,0,S
596,05-02-2016,LUPIN,0,5.546773165,0,B
597,17-03-2016,LUPIN,9286.96231,0,0,S
598,29-04-2016,LUPIN,0,5.778169115,0,B
599,23-05-2016,LUPIN,8465.306662,0,0,S
600,28-06-2016,LUPIN,0,5.480227009,0,B
601,10-08-2016,LUPIN,8463.662593,0,0,S
602,26-10-2016,LUPIN,0,5.615114837,0,B
603,27-10-2016,LUPIN,8312.335249,0,0,S
604,09-11-2016,LUPIN,0,5.43414196,0,B
605,10-11-2016,LUPIN,8118.064674,0,0,S
606,29-11-2016,LUPIN,0,5.347340298,0,B
607,19-12-2016,LUPIN,7883.583801,0,0,S
608,04-01-2016,M&M,10000,0,0,S
609,29-01-2016,M&M,0,8.10865599,0,B
610,11-02-2016,M&M,9135.211839,0,0,S
611,17-02-2016,M&M,0,7.610139819,0,B
612,17-03-2016,M&M,9120.372066,0,0,S
613,18-03-2016,M&M,0,7.46012193,0,B
614,01-04-2016,M&M,8916.337731,0,0,S
615,04-04-2016,M&M,0,7.156543648,0,B
616,07-04-2016,M&M,8678.382655,0,0,S
617,08-04-2016,M&M,0,7.042712643,0,B
618,23-05-2016,M&M,9049.533611,0,0,S
619,26-05-2016,M&M,0,6.757922195,0,B
620,23-08-2016,M&M,9749.654351,0,0,S
621,06-09-2016,M&M,0,6.544050979,0,B
622,14-09-2016,M&M,9237.255159,0,0,S
623,08-11-2016,M&M,0,6.671425075,0,B
624,09-11-2016,M&M,8895.344624,0,0,S
625,04-01-2016,MARICO,10000,0,0,S
626,05-01-2016,MARICO,0,43.54452428,0,B
627,07-01-2016,MARICO,9740.910081,0,0,S
628,05-02-2016,MARICO,0,42.73266102,0,B
629,09-05-2016,MARICO,10000,0,567.7870714,S
630,11-05-2016,MARICO,0,39.16960439,567.7870714,B
631,19-05-2016,MARICO,9735.60517,0,567.7870714,S
632,27-05-2016,MARICO,0,37.83756382,567.7870714,B
633,02-06-2016,MARICO,9419.661513,0,567.7870714,S
634,03-06-2016,MARICO,0,37.08528155,567.7870714,B
635,30-08-2016,MARICO,10000,0,1216.825667,S
636,01-09-2016,MARICO,0,33.9673913,1216.825667,B
637,21-09-2016,MARICO,9784.307065,0,1216.825667,S
638,04-01-2016,MARUTI,10000,0,0,S
639,18-03-2016,MARUTI,0,2.761363009,0,B
640,07-04-2016,MARUTI,9584.691003,0,0,S
641,20-04-2016,MARUTI,0,2.611596846,0,B
642,09-11-2016,MARUTI,10000,0,4084.211209,S
643,27-12-2016,MARUTI,0,1.91424196,4084.211209,B
644,04-01-2016,MOTHERSUMI,10000,0,0,S
645,08-02-2016,MOTHERSUMI,0,36.82563064,0,B
646,09-02-2016,MOTHERSUMI,8900.754925,0,0,S
647,08-03-2016,MOTHERSUMI,0,36.10853925,0,B
648,10-05-2016,MOTHERSUMI,9137.265858,0,0,S
649,12-05-2016,MOTHERSUMI,0,34.19635426,0,B
650,29-06-2016,MOTHERSUMI,9468.970494,0,0,S
651,30-06-2016,MOTHERSUMI,0,32.64036709,0,B
652,07-07-2016,MOTHERSUMI,9051.173795,0,0,S
653,13-07-2016,MOTHERSUMI,0,30.65077479,0,B
654,31-08-2016,MOTHERSUMI,9886.407408,0,0,S
655,07-09-2016,MOTHERSUMI,0,29.39321364,0,B
656,12-09-2016,MOTHERSUMI,9183.909602,0,0,S
657,05-10-2016,MOTHERSUMI,0,27.55035129,0,B
658,03-11-2016,MOTHERSUMI,8652.187822,0,0,S
659,06-12-2016,MOTHERSUMI,0,27.79819381,0,B
660,04-01-2016,NHPC,0,465.1162791,0,B
661,07-01-2016,NHPC,9581.395349,0,0,S
662,01-02-2016,NHPC,0,459.5393453,0,B
663,18-02-2016,NHPC,9144.832971,0,0,S
664,23-02-2016,NHPC,0,447.1800964,0,B
665,25-02-2016,NHPC,8697.652874,0,0,S
666,02-03-2016,NHPC,0,418.1563882,0,B
667,28-04-2016,NHPC,8823.099791,0,0,S
668,25-05-2016,NHPC,0,395.6546991,0,B
669,03-08-2016,NHPC,9673.757394,0,0,S
670,09-08-2016,NHPC,0,378.6206416,0,B
671,14-09-2016,NHPC,10000,0,128.1021641,S
672,28-10-2016,NHPC,0,373.1343284,128.1021641,B
673,11-11-2016,NHPC,9458.955224,0,128.1021641,S
674,25-11-2016,NHPC,0,349.0389382,128.1021641,B
675,23-12-2016,NHPC,9144.82018,0,128.1021641,S
676,04-01-2016,NMDC,10000,0,0,S
677,05-01-2016,NMDC,0,107.2386059,0,B
678,07-01-2016,NMDC,9442.359249,0,0,S
679,15-02-2016,NMDC,0,105.2073454,0,B
680,29-02-2016,NMDC,8563.877915,0,0,S
681,03-03-2016,NMDC,0,97.04110952,0,B
682,29-04-2016,NMDC,9233.461571,0,0,S
683,16-06-2016,NMDC,0,99.07147608,0,B
684,16-09-2016,NMDC,10000,0,11.17265822,S
685,28-09-2016,NMDC,0,91.07468124,11.17265822,B
686,29-09-2016,NMDC,9321.493625,0,11.17265822,S
687,03-10-2016,NMDC,0,86.03132095,11.17265822,B
688,17-11-2016,NMDC,10000,0,68.2340771,S
689,07-12-2016,NMDC,0,80.93889114,68.2340771,B
690,27-12-2016,NMDC,9862.403885,0,68.2340771,S
691,04-01-2016,NTPC,10000,0,0,S
692,12-01-2016,NTPC,0,68.87052342,0,B
693,15-01-2016,NTPC,9397.38292,0,0,S
694,28-01-2016,NTPC,0,65.14650205,0,B
695,02-02-2016,NTPC,8732.888599,0,0,S
696,16-03-2016,NTPC,0,68.46639435,0,B
697,23-05-2016,NTPC,9290.889713,0,0,S
698,25-05-2016,NTPC,0,65.49798881,0,B
699,12-09-2016,NTPC,10000,0,11.36759014,S
700,01-11-2016,NTPC,0,64.51612903,11.36759014,B
701,17-11-2016,NTPC,9793.548387,0,11.36759014,S
702,18-11-2016,NTPC,0,61.57528065,11.36759014,B
703,04-01-2016,NESTLEIND,10000,0,0,S
704,23-03-2016,NESTLEIND,0,1.903619733,0,B
705,05-05-2016,NESTLEIND,10000,0,547.6713972,S
706,13-05-2016,NESTLEIND,0,1.633546511,547.6713972,B
707,18-08-2016,NESTLEIND,10000,0,1487.532382,S
708,04-10-2016,NESTLEIND,0,1.496793121,1487.532382,B
709,07-11-2016,NESTLEIND,9666.364813,0,1487.532382,S
710,12-12-2016,NESTLEIND,0,1.531014273,1487.532382,B
711,15-12-2016,NESTLEIND,9456.692409,0,1487.532382,S
712,04-01-2016,ONGC,10000,0,0,S
713,17-03-2016,ONGC,0,47.11425206,0,B
714,06-04-2016,ONGC,9710.24735,0,0,S
715,13-04-2016,ONGC,0,45.51322873,0,B
716,18-04-2016,ONGC,9446.270623,0,0,S
717,21-04-2016,ONGC,0,44.35910131,0,B
718,10-05-2016,ONGC,9222.257162,0,0,S
719,26-05-2016,ONGC,0,42.68575405,0,B
720,28-06-2016,ONGC,9021.634118,0,0,S
721,29-06-2016,ONGC,0,42.00993768,0,B
722,01-08-2016,ONGC,9191.774365,0,0,S
723,08-08-2016,ONGC,0,40.65357968,0,B
724,09-11-2016,ONGC,10000,0,972.4011551,S
725,22-11-2016,ONGC,0,35.98416697,972.4011551,B
726,15-12-2016,ONGC,7428.93127,0,972.4011551,S
727,04-01-2016,OFSS,10000,0,0,S
728,02-02-2016,OFSS,0,2.666666667,0,B
729,04-02-2016,OFSS,9634.666667,0,0,S
730,05-02-2016,OFSS,0,2.6313801,0,B
731,08-02-2016,OFSS,9505.202766,0,0,S
732,18-03-2016,OFSS,0,2.754492514,0,B
733,10-05-2016,OFSS,9548.861472,0,0,S
734,23-06-2016,OFSS,0,2.760225317,0,B
735,24-06-2016,OFSS,9372.345063,0,0,S
736,04-07-2016,OFSS,0,2.696728499,0,B
737,29-08-2016,OFSS,9618.017029,0,0,S
738,12-12-2016,OFSS,0,3.066920817,0,B
739,04-01-2016,PAGEIND,0,0.737569193,0,B
740,07-01-2016,PAGEIND,9731.119151,0,0,S
741,11-03-2016,PAGEIND,0,0.856085084,0,B
742,11-07-2016,PAGEIND,10000,0,1471.112084,S
743,29-07-2016,PAGEIND,0,0.697243101,1471.112084,B
744,10-11-2016,PAGEIND,10000,0,1913.512831,S
745,19-12-2016,PAGEIND,0,0.715299907,1913.512831,B
746,20-12-2016,PAGEIND,9579.403654,0,1913.512831,S
747,04-01-2016,PETRONET,10000,0,0,S
748,05-01-2016,PETRONET,0,38.49114704,0,B
749,14-01-2016,PETRONET,9876.828329,0,0,S
750,05-02-2016,PETRONET,0,37.42640519,0,B
751,11-02-2016,PETRONET,9206.895677,0,0,S
752,11-03-2016,PETRONET,0,36.71011035,0,B
753,05-04-2016,PETRONET,8955.431421,0,0,S
754,12-04-2016,PETRONET,0,34.64383528,0,B
755,24-05-2016,PETRONET,8806.462929,0,0,S
756,30-05-2016,PETRONET,0,31.62672986,0,B
757,04-11-2016,PETRONET,10000,0,1398.273441,S
758,25-11-2016,PETRONET,0,26.87810778,1398.273441,B
759,21-12-2016,PETRONET,9669.399274,0,1398.273441,S
760,04-01-2016,PIDILITIND,0,17.93400287,0,B
761,08-01-2016,PIDILITIND,9991.929699,0,0,S
762,29-01-2016,PIDILITIND,0,17.64579196,0,B
763,28-03-2016,PIDILITIND,10000,0,193.9740167,S
764,11-04-2016,PIDILITIND,0,16.56177542,193.9740167,B
765,04-05-2016,PIDILITIND,9726.730706,0,193.9740167,S
766,13-05-2016,PIDILITIND,0,16.0229482,193.9740167,B
767,10-08-2016,PIDILITIND,10000,0,1525.402985,S
768,09-09-2016,PIDILITIND,0,14.0637086,1525.402985,B
769,12-09-2016,PIDILITIND,9883.271219,0,1525.402985,S
770,14-09-2016,PIDILITIND,0,13.94170013,1525.402985,B
771,26-09-2016,PIDILITIND,9684.601992,0,1525.402985,S
772,04-10-2016,PIDILITIND,0,13.09791992,1525.402985,B
773,27-10-2016,PIDILITIND,9286.425226,0,1525.402985,S
774,28-10-2016,PIDILITIND,0,12.91934506,1525.402985,B
775,02-11-2016,PIDILITIND,9095.864887,0,1525.402985,S
776,04-01-2016,PEL,10000,0,0,S
777,29-01-2016,PEL,0,10.06491873,0,B
778,17-02-2016,PEL,9184.238337,0,0,S
779,15-03-2016,PEL,0,9.787125253,0,B
780,10-10-2016,PEL,10000,0,8094.437167,S
781,05-12-2016,PEL,0,5.996102533,8094.437167,B
782,21-12-2016,PEL,9305.051716,0,8094.437167,S
783,04-01-2016,PFC,10000,0,0,S
784,06-01-2016,PFC,0,49.82561036,0,B
785,07-01-2016,PFC,9387.144993,0,0,S
786,08-02-2016,PFC,0,51.99194125,0,B
787,10-02-2016,PFC,8217.326314,0,0,S
788,04-03-2016,PFC,0,48.89810363,0,B
789,10-05-2016,PFC,8285.783659,0,0,S
790,18-05-2016,PFC,0,47.36086687,0,B
791,19-05-2016,PFC,8013.458675,0,0,S
792,30-06-2016,PFC,0,47.30495086,0,B
793,26-08-2016,PFC,5475.548062,0,0,S
794,23-11-2016,PFC,0,43.13153258,0,B
795,22-12-2016,PFC,5380.65869,0,0,S
796,04-01-2016,POWERGRID,10000,0,0,S
797,11-01-2016,POWERGRID,0,69.80802792,0,B
798,18-01-2016,POWERGRID,9643.979058,0,0,S
799,29-01-2016,POWERGRID,0,65.22813025,0,B
800,12-02-2016,POWERGRID,9024.31182,0,0,S
801,15-03-2016,POWERGRID,0,64.94646866,0,B
802,18-03-2016,POWERGRID,8887.924236,0,0,S
803,28-03-2016,POWERGRID,0,63.89593268,0,B
804,16-09-2016,POWERGRID,10000,0,1248.878949,S
805,05-10-2016,POWERGRID,0,55.12679162,1248.878949,B
806,07-10-2016,POWERGRID,9754.685777,0,1248.878949,S
807,10-11-2016,POWERGRID,0,51.76272633,1248.878949,B
808,15-12-2016,POWERGRID,9490.695873,0,1248.878949,S
809,04-01-2016,PGHH,10000,0,0,S
810,06-01-2016,PGHH,0,1.773002491,0,B
811,14-01-2016,PGHH,9903.637315,0,0,S
812,08-02-2016,PGHH,0,1.690285675,0,B
813,25-05-2016,PGHH,10000,0,706.692039,S
814,05-07-2016,PGHH,0,1.585137748,706.692039,B
815,06-09-2016,PGHH,10000,0,1169.314491,S
816,15-09-2016,PGHH,0,1.492347986,1169.314491,B
817,15-11-2016,PGHH,10000,0,1210.35406,S
818,13-12-2016,PGHH,0,1.470447678,1210.35406,B
819,23-12-2016,PGHH,9737.010433,0,1210.35406,S
820,27-12-2016,PGHH,0,1.405609792,1210.35406,B
821,04-01-2016,PNB,10000,0,0,S
822,11-03-2016,PNB,0,122.1747098,0,B
823,05-05-2016,PNB,9951.130116,0,0,S
824,09-06-2016,PNB,0,120.9128811,0,B
825,03-11-2016,PNB,10000,0,6099.550121,S
826,10-11-2016,PNB,0,62.77463905,6099.550121,B
827,23-11-2016,PNB,8631.512869,0,6099.550121,S
828,04-01-2016,RELIANCE,10000,0,0,S
829,06-01-2016,RELIANCE,0,9.688044953,0,B
830,21-01-2016,RELIANCE,9534.973842,0,0,S
831,02-03-2016,RELIANCE,0,9.520692803,0,B
832,27-04-2016,RELIANCE,9705.394243,0,0,S
833,14-06-2016,RELIANCE,0,9.941504987,0,B
834,27-06-2016,RELIANCE,9500.599241,0,0,S
835,04-07-2016,RELIANCE,0,9.628660424,0,B
836,24-10-2016,RELIANCE,10000,0,238.1546292,S
837,09-12-2016,RELIANCE,0,9.718645221,238.1546292,B
838,04-01-2016,SHREECEM,10000,0,0,S
839,06-01-2016,SHREECEM,0,0.873183233,0,B
840,07-01-2016,SHREECEM,9586.635057,0,0,S
841,04-02-2016,SHREECEM,0,0.909556548,0,B
842,17-02-2016,SHREECEM,9163.191007,0,0,S
843,18-02-2016,SHREECEM,0,0.841122729,0,B
844,29-02-2016,SHREECEM,8414.339441,0,0,S
845,02-03-2016,SHREECEM,0,0.778078872,0,B
846,19-09-2016,SHREECEM,10000,0,2998.819059,S
847,03-10-2016,SHREECEM,0,0.558880897,2998.819059,B
848,26-10-2016,SHREECEM,9415.214974,0,2998.819059,S
849,04-01-2016,SRTRANSFIN,10000,0,0,S
850,05-01-2016,SRTRANSFIN,0,11.56203029,0,B
851,07-01-2016,SRTRANSFIN,9498.785987,0,0,S
852,03-02-2016,SRTRANSFIN,0,11.81220666,0,B
853,31-08-2016,SRTRANSFIN,10000,0,4612.290251,S
854,06-10-2016,SRTRANSFIN,0,8.289124668,4612.290251,B
855,13-10-2016,SRTRANSFIN,9543.269231,0,4612.290251,S
856,04-01-2016,SIEMENS,10000,0,0,S
857,06-01-2016,SIEMENS,0,8.296689621,0,B
858,07-01-2016,SIEMENS,9392.267485,0,0,S
859,03-03-2016,SIEMENS,0,8.950557474,0,B
860,16-03-2016,SIEMENS,8991.730038,0,0,S
861,18-03-2016,SIEMENS,0,8.54361731,0,B
862,23-05-2016,SIEMENS,9635.918784,0,0,S
863,26-05-2016,SIEMENS,0,8.12369328,0,B
864,04-08-2016,SIEMENS,10000,0,200.9216511,S
865,09-08-2016,SIEMENS,0,7.547454621,200.9216511,B
866,17-08-2016,SIEMENS,9747.537643,0,200.9216511,S
867,12-12-2016,SIEMENS,0,8.583601306,200.9216511,B
868,20-12-2016,SIEMENS,9360.846404,0,200.9216511,S
869,04-01-2016,SBIN,10000,0,0,S
870,03-03-2016,SBIN,0,54.71956224,0,B
871,04-05-2016,SBIN,9846.785226,0,0,S
872,30-05-2016,SBIN,0,49.51865841,0,B
873,29-09-2016,SBIN,10000,0,2243.488293,S
874,03-10-2016,SBIN,0,39.16960439,2243.488293,B
875,03-11-2016,SBIN,9622.013318,0,2243.488293,S
876,10-11-2016,SBIN,0,34.20552193,2243.488293,B
877,28-11-2016,SBIN,8672.810084,0,2243.488293,S
878,12-12-2016,SBIN,0,32.89516436,2243.488293,B
879,21-12-2016,SBIN,8399.78022,0,2243.488293,S
880,04-01-2016,SUNPHARMA,10000,0,0,S
881,25-01-2016,SUNPHARMA,0,12.38773614,0,B
882,16-03-2016,SUNPHARMA,10000,0,353.05048,S
883,30-06-2016,SUNPHARMA,0,13.10444241,353.05048,B
884,17-08-2016,SUNPHARMA,10000,0,640.0377687,S
885,01-12-2016,SUNPHARMA,0,13.86001386,640.0377687,B
886,07-12-2016,SUNPHARMA,9203.049203,0,640.0377687,S
887,04-01-2016,TCS,10000,0,0,S
888,08-01-2016,TCS,0,4.170837504,0,B
889,11-01-2016,TCS,9852.977978,0,0,S
890,29-01-2016,TCS,0,4.120343737,0,B
891,11-02-2016,TCS,9056.309516,0,0,S
892,04-03-2016,TCS,0,3.841407188,0,B
893,28-06-2016,TCS,9465.035241,0,0,S
894,26-07-2016,TCS,0,3.707997822,0,B
895,24-08-2016,TCS,9537.155799,0,0,S
896,16-12-2016,TCS,0,4.178106937,0,B
897,04-01-2016,TATAMTRDVR,10000,0,0,S
898,08-03-2016,TATAMTRDVR,0,40.0080016,0,B
899,11-05-2016,TATAMTRDVR,10000,0,956.1912382,S
900,31-05-2016,TATAMTRDVR,0,31.79650238,956.1912382,B
901,29-06-2016,TATAMTRDVR,9151.033386,0,956.1912382,S
902,13-07-2016,TATAMTRDVR,0,29.88092534,956.1912382,B
903,28-09-2016,TATAMTRDVR,10000,0,1148.574873,S
904,05-10-2016,TATAMTRDVR,0,27.82415136,1148.574873,B
905,27-10-2016,TATAMTRDVR,9426.822482,0,1148.574873,S
906,04-01-2016,TATAMOTORS,10000,0,0,S
907,04-03-2016,TATAMOTORS,0,29.11208151,0,B
908,12-05-2016,TATAMOTORS,10000,0,1267.83115,S
909,27-05-2016,TATAMOTORS,0,24.75860361,1267.83115,B
910,29-09-2016,TATAMOTORS,10000,0,4298.284232,S
911,05-10-2016,TATAMOTORS,0,17.86831055,4298.284232,B
912,26-10-2016,TATAMOTORS,9471.098008,0,4298.284232,S
913,30-12-2016,TATAMOTORS,0,20.06588561,4298.284232,B
914,04-01-2016,TATASTEEL,10000,0,0,S
915,05-01-2016,TATASTEEL,0,36.45643456,0,B
916,07-01-2016,TATASTEEL,9110.462997,0,0,S
917,28-01-2016,TATASTEEL,0,35.83974428,0,B
918,02-02-2016,TATASTEEL,8295.108814,0,0,S
919,18-02-2016,TATASTEEL,0,33.06800404,0,B
920,13-05-2016,TATASTEEL,10000,0,669.3915046,S
921,02-06-2016,TATASTEEL,0,29.35564362,669.3915046,B
922,16-06-2016,TATASTEEL,9702.040217,0,669.3915046,S
923,21-06-2016,TATASTEEL,0,29.04367675,669.3915046,B
924,24-06-2016,TATASTEEL,9080.505535,0,669.3915046,S
925,12-07-2016,TATASTEEL,0,26.52791567,669.3915046,B
926,16-09-2016,TATASTEEL,9519.542539,0,669.3915046,S
927,03-10-2016,TATASTEEL,0,24.86494068,669.3915046,B
928,17-11-2016,TATASTEEL,9765.705452,0,669.3915046,S
929,30-11-2016,TATASTEEL,0,23.52898555,669.3915046,B
930,22-12-2016,TATASTEEL,9228.068132,0,669.3915046,S
931,04-01-2016,TECHM,10000,0,0,S
932,05-01-2016,TECHM,0,19.16075877,0,B
933,07-01-2016,TECHM,9787.315578,0,0,S
934,10-03-2016,TECHM,0,20.99606474,0,B
935,07-04-2016,TECHM,9331.700973,0,0,S
936,13-04-2016,TECHM,0,19.79571696,0,B
937,27-06-2016,TECHM,9989.908562,0,0,S
938,07-11-2016,TECHM,0,22.45680243,0,B
939,04-01-2016,TITAN,10000,0,0,S
940,25-01-2016,TITAN,0,28.21272394,0,B
941,17-02-2016,TITAN,9221.328819,0,0,S
942,22-03-2016,TITAN,0,25.71480429,0,B
943,29-03-2016,TITAN,8479.456715,0,0,S
944,05-04-2016,TITAN,0,24.53546503,0,B
945,08-04-2016,TITAN,8240.235931,0,0,S
946,11-04-2016,TITAN,0,23.91593653,0,B
947,31-05-2016,TITAN,8621.695119,0,0,S
948,14-06-2016,TITAN,0,23.48915711,0,B
949,12-08-2016,TITAN,9441.466702,0,0,S
950,31-08-2016,TITAN,0,22.56025496,0,B
951,19-09-2016,TITAN,9088.398712,0,0,S
952,04-01-2016,UPL,10000,0,0,S
953,06-01-2016,UPL,0,22.55554302,0,B
954,07-01-2016,UPL,9414.683659,0,0,S
955,29-01-2016,UPL,0,21.53650614,0,B
956,09-02-2016,UPL,8405.698346,0,0,S
957,03-03-2016,UPL,0,19.78975479,0,B
958,17-06-2016,UPL,10000,0,1223.759428,S
959,22-07-2016,UPL,0,17.1203561,1223.759428,B
960,04-11-2016,UPL,10000,0,2736.342889,S
961,06-12-2016,UPL,0,14.86878299,2736.342889,B
962,20-12-2016,UPL,9431.269051,0,2736.342889,S
963,04-01-2016,ULTRACEMCO,10000,0,0,S
964,25-01-2016,ULTRACEMCO,0,3.635768692,0,B
965,06-05-2016,ULTRACEMCO,10000,0,1270.51937,S
966,12-05-2016,ULTRACEMCO,0,3.098277358,1270.51937,B
967,13-05-2016,ULTRACEMCO,9764.685835,0,1270.51937,S
968,17-05-2016,ULTRACEMCO,0,3.001978583,1270.51937,B
969,20-05-2016,ULTRACEMCO,9408.200878,0,1270.51937,S
970,26-05-2016,ULTRACEMCO,0,2.927574838,1270.51937,B
971,30-09-2016,ULTRACEMCO,10000,0,2546.220237,S
972,04-10-2016,ULTRACEMCO,0,2.529596276,2546.220237,B
973,02-11-2016,ULTRACEMCO,9855.560053,0,2546.220237,S
974,04-01-2016,UBL,10000,0,0,S
975,05-01-2016,UBL,0,10.52520787,0,B
976,07-01-2016,UBL,9733.18598,0,0,S
977,21-03-2016,UBL,0,11.98446836,0,B
978,11-04-2016,UBL,9374.251153,0,0,S
979,15-06-2016,UBL,0,12.30055262,0,B
980,24-06-2016,UBL,8839.792142,0,0,S
981,01-07-2016,UBL,0,11.65661257,0,B
982,27-10-2016,UBL,10000,0,157.5721925,S
983,04-01-2016,MCDOWELL-N,10000,0,0,S
984,25-02-2016,MCDOWELL-N,0,3.7515006,0,B
985,08-03-2016,MCDOWELL-N,9148.596939,0,0,S
986,18-03-2016,MCDOWELL-N,0,3.531867714,0,B
987,05-04-2016,MCDOWELL-N,8648.307877,0,0,S
988,05-05-2016,MCDOWELL-N,0,3.331718338,0,B
989,24-05-2016,MCDOWELL-N,8210.853259,0,0,S
990,01-07-2016,MCDOWELL-N,0,3.196563665,0,B
991,19-07-2016,MCDOWELL-N,7747.990841,0,0,S
992,06-09-2016,MCDOWELL-N,0,3.265956052,0,B
993,23-09-2016,MCDOWELL-N,7485.73457,0,0,S
994,30-09-2016,MCDOWELL-N,0,3.035023848,0,B
995,26-10-2016,MCDOWELL-N,7066.597776,0,0,S
996,04-01-2016,VEDL,10000,0,0,S
997,05-01-2016,VEDL,0,108.2251082,0,B
998,06-01-2016,VEDL,9621.212121,0,0,S
999,17-02-2016,VEDL,0,129.3173672,0,B
1000,19-05-2016,VEDL,10000,0,2278.684018,S
1001,27-05-2016,VEDL,0,97.27626459,2278.684018,B
1002,15-09-2016,VEDL,10000,0,8387.633434,S
1003,28-09-2016,VEDL,0,57.20823799,8387.633434,B
1004,23-12-2016,VEDL,10000,0,10781.79819,S
1005,04-01-2016,IDEA,10000,0,0,S
1006,30-03-2016,IDEA,0,91.57509158,0,B
1007,11-05-2016,IDEA,10000,0,146.5201465,S
1008,01-06-2016,IDEA,0,84.92569002,146.5201465,B
1009,03-06-2016,IDEA,8955.414013,0,146.5201465,S
1010,14-07-2016,IDEA,0,83.22875477,146.5201465,B
1011,01-08-2016,IDEA,8647.46762,0,146.5201465,S
1012,29-11-2016,IDEA,0,109.1163107,146.5201465,B
1013,05-12-2016,IDEA,7927.29997,0,146.5201465,S
1014,06-12-2016,IDEA,0,106.5497308,146.5201465,B
1015,22-12-2016,IDEA,7618.30575,0,146.5201465,S
1016,04-01-2016,WIPRO,0,17.93078716,0,B
1017,06-01-2016,WIPRO,9953.379953,0,0,S
1018,29-01-2016,WIPRO,0,17.68546545,0,B
1019,09-02-2016,WIPRO,9483.830846,0,0,S
1020,14-03-2016,WIPRO,0,17.53504825,0,B
1021,15-03-2016,WIPRO,9349.687727,0,0,S
1022,18-03-2016,WIPRO,0,16.96088476,0,B
1023,29-04-2016,WIPRO,9402.266469,0,0,S
1024,01-06-2016,WIPRO,0,16.95629661,0,B
1025,02-06-2016,WIPRO,9163.182687,0,0,S
1026,16-06-2016,WIPRO,0,16.66336186,0,B
1027,20-07-2016,WIPRO,8979.052539,0,0,S
1028,20-10-2016,WIPRO,0,18.12485373,0,B
1029,26-10-2016,WIPRO,8546.774777,0,0,S
1030,30-11-2016,WIPRO,0,18.37028431,0,B
1031,12-12-2016,WIPRO,8331.842451,0,0,S
1032,13-12-2016,WIPRO,0,17.96623709,0,B
1033,04-01-2016,ZEEL,10000,0,0,S
1034,01-02-2016,ZEEL,0,24.00960384,0,B
1035,02-02-2016,ZEEL,9643.457383,0,0,S
1036,05-02-2016,ZEEL,0,23.57813541,0,B
1037,08-02-2016,ZEEL,9492.557316,0,0,S
1038,04-03-2016,ZEEL,0,23.96202781,0,B
1039,28-03-2016,ZEEL,9288.88008,0,0,S
1040,11-04-2016,ZEEL,0,23.53700768,0,B
1041,27-06-2016,ZEEL,10000,0,351.5759766,S
1042,01-07-2016,ZEEL,0,22.10921954,351.5759766,B
1043,18-10-2016,ZEEL,10000,0,1717.925744,S
