,2015,2016,2017,2018,2019
0,1.3843978357887725,0.9092795676103423,1.4955714067392567,1.165050756685371,1.0152421893849386
1,0.9335840444684819,1.1543371431621818,1.094514290637918,0.8429748899044596,0.7356706992443705
2,0.8239194805368997,1.1473436436465931,1.1055448375791037,0.9479516927091362,0.8247243249187869
3,1.190537292363172,1.2291536641089131,2.047080856962703,0.9086666661417369,1.5496977051892433
4,,,1.1843387665973315,1.0405937055076677,1.0931934929010876
5,1.7479795375832177,1.2929578230303038,1.2283218736468189,0.9640874484936227,0.7262606703907246
6,,,,1.1216665645579362,1.6734115176593305
7,1.443606913847771,0.7061839923390684,1.193643377358073,1.0619918245654514,1.5708812746863106
8,,,,1.2353857268144424,1.506329835478263
9,,,,1.5738726494907975,3.3786703088133283
10,0.7576110112876143,0.8846092708634344,1.0401094120553624,1.0426970071154806,0.8536260404223316
11,1.1762541922226926,0.7439179350704799,1.1575339425550166,2.177664677208296,0.9592739211795284
12,1.2978563062500648,1.2315650327483965,2.9434318007036655,1.2115840508342235,0.9484715862434822
13,,,0.983704039805783,0.8747829777430495,1.0441999411334886
14,0.9231115450128963,0.8612771620233142,0.9621702875494017,0.8931565019921606,0.9704689475262179
15,,1.1929237981313126,0.9159313118828628,0.8906859279261973,0.8272802403857745
16,2.2005960558774884,1.1056605940556141,1.7182871992828204,0.8638623457353306,0.8060856875481582
17,,,,,1.6594120210434196
18,1.3139232099034777,1.2672244438763853,1.1089127880821128,0.8643444780746133,0.8211636634941515
19,0.9325167824540168,0.9307461547056293,1.1837972507744159,0.9963191908468103,1.0306389261570057
20,1.1958891030382646,0.9362436392741463,1.053078720529209,1.0107356078440506,0.818708867363614
21,0.9747334296667712,1.219164075666943,1.3206859375883697,0.8558869090015332,1.0723833538697751
22,0.7816822580516855,0.8049148924543442,1.011533234211621,0.858540265698911,0.7911663123687009
23,0.9951962882498365,1.0368996293644694,0.9367350809597911,0.8820886901280274,0.9781704959644819
24,,,,0.6820674072381528,1.298119947433471
25,1.0080206595949646,1.1977733709094052,1.1004839188895825,0.9423482594291271,0.6889935871194107
26,1.1082186605447564,0.7958012605440279,0.9704030195516219,0.8781083862212864,0.7785106458236972
27,0.6664969537161939,1.37129082970553,1.0945687592868736,0.8591214636670536,0.7669544402124581
28,,,,,1.3050066610540316
29,0.973480708928947,1.0033311091598642,1.7097644354262214,0.8608838239130073,0.7905395686937473
30,1.0607946373155708,0.759110371375281,1.3544997427065733,1.0683057102172728,0.8097753852826978
31,1.1908351236256123,0.9094994827129131,1.131789494652708,0.9589903493424001,0.6745916150305904
32,1.054677951360663,1.1187122677304095,1.1186206450764509,1.2004411650723843,1.1398394748431502
33,,,,0.8105444492467561,0.9329746039699219
34,1.1487713741529997,0.693748255171645,0.8937172735663649,1.5224620265948534,1.656247962843578
35,1.1671307071890114,0.9336721416455317,1.5330190660484269,1.1652983154692333,0.9107221689706715
36,1.1132745836700613,1.2634107890446884,1.3465738012286905,1.1069097921073616,1.1379961301667374
37,1.1689786486583416,0.9665460841845235,0.8956799469562448,1.0500474498564893,0.9376887270890248
38,2.0359091052760987,0.9866765345505408,4.801051364276459,0.5876913395440929,1.708622656920994
39,,,1.512420426221334,1.1890444272875456,1.0596533833423638
40,0.6996540131888689,1.3523922550632854,0.8387813030260067,0.9956425115390191,1.1020956672874567
41,0.8783912619767742,1.253728282371346,1.5314994849376897,0.8728336057344566,0.845644997715633
42,1.7161754296243283,0.9194022644085943,1.4329722616535834,1.0403532752365887,0.9028311380539125
43,,,0.9397469652973854,0.9802742733367396,0.9195993824148573
44,1.0214496729127935,0.982078610887274,1.0668510907000957,0.7493467002110095,1.1130171293994746
45,0.9971856673763072,0.7507738378083387,1.2079439598235686,0.8680310740908949,0.9378292961597507
46,0.9039531007378869,1.2328185827214644,2.0608515034575907,0.9895148594078237,0.7898562588260031
47,1.3235005002892535,1.3851968124505702,1.88581182654651,1.6016075452316256,1.269254939735485
48,1.1897302144512225,1.438636178480847,1.5827468448855493,1.1827979128657455,1.4161339772601103
49,1.0456985938635088,1.2291547593216479,1.2854195569638607,1.0962331743413851,1.0692218821970845
50,0.8875339649422325,1.4092758747668663,1.7004549600370513,0.8183135992283793,1.264848613198652
51,0.8137345815977629,1.7160995849600522,0.9645860345165339,0.924589505424864,0.8528920795469342
52,1.3538756302850914,1.2790161035769496,1.1659235811553068,0.9964934421658114,1.5429440807380637
53,,,,1.465520292956125,0.8146365488635403
54,0.8113793993641186,0.8833508827392907,0.9519711965351697,0.8764712082382987,0.7730680168635599
55,0.5779309828474981,0.8679217669442274,1.0219183126529099,0.8422435092854664,0.7270719878317843
56,0.7002816001738562,0.8757587620393775,0.9580456278342481,0.9401384451858797,0.8180408032527888
57,0.9476612122429572,0.8671822082408549,1.5921982617411785,1.3127287524350417,1.2764072190961415
58,0.7021275446582713,0.9600697443054661,1.1054310007748742,0.8673757482105061,1.0419736593210316
59,0.8731571459392522,1.2098118267799818,0.9158709188088663,1.1712268887436985,1.5154501136270686
60,,,,0.7490328105013992,0.8945497653519214
61,1.510518670778434,1.0219591294292334,1.32222874770138,0.8753407168812151,1.1431536071004922
62,1.1148444105459865,0.8859511724809102,1.2387598363609982,0.8979622078781514,0.7975427552200474
63,0.8092637008930031,0.742973081894551,1.1419577918016024,0.9679260251060363,0.7975477726981539
64,1.0633720805334828,1.2639973392144084,1.0417541055788317,0.8646079256232118,1.1672828740821808
65,0.9235889912915322,0.8678464478778235,1.4009524377778901,0.730211179572968,1.1627060924454713
66,0.8930110333939546,0.6248830604969512,1.2012712349099601,0.9326079698343802,1.0751589342237506
67,0.8384058360906088,1.6039933690255381,1.272513658281267,0.8557627842366512,1.0857928411547693
68,0.7864529067642334,1.6332710956051675,1.511123960192197,0.8755565042154483,0.8879695114350727
69,1.3392598206125703,0.9182364122565387,1.399346493839033,1.3782184093553067,0.6362843939901
70,2.0553434275501234,1.3164975033025752,1.0227048426116239,0.6832631851946035,1.1451209818315777
71,0.9764596756394194,0.8735069925965043,1.028674887715954,1.104570113717981,0.786356952922053
72,0.9098825356503121,1.4027473521439144,1.5426044729615465,0.9281569643558192,1.105295862136104
73,0.8155158792774694,0.9810565079367581,2.481197940945019,0.7969120097761128,1.218548690464087
74,0.8053280793736634,0.9955854087671445,4.857532633034225,0.7574373990989052,0.7955252784741284
75,1.0153476365132432,1.0948790227695486,0.9954248303570332,0.933412053753886,0.8477831196466464
76,0.725500072767975,0.9684148287491169,1.8314140123923113,0.9888762747224508,0.9017025396684931
77,1.2829238793788786,1.0368165955503184,1.433445699451526,1.3573049075012695,1.082869845323491
78,0.8087728779436145,1.070963639244863,0.9321231244209437,0.8522840997640126,1.101822790965051
79,0.8087163518466414,1.2221748247631234,1.1976566297426021,0.8795283939517398,0.8653922209528442
80,0.8558150808237742,1.4608072148224898,1.3979900881653076,0.9032378115029243,0.8863760499627364
81,0.7360778048019399,1.1272968966104768,0.8537402264543177,0.9000303106334818,1.1762044953390793
82,0.8719847181462497,0.9144343172345012,0.9825444029409299,0.8363375481989603,0.9487615552934286
83,1.5073109448512991,1.112705645763601,1.6670018871127221,0.8305570349046838,0.9663679849975263
84,0.8156365829353673,1.3912708735641588,0.7996454482274331,0.7616702977408137,1.0436819447738785
85,2.5635279931513066,1.3983831621966132,1.5365747237783627,0.7090501617733699,0.9265816688570501
86,0.7284496815663158,1.4905969472841272,1.8236399584681813,0.9743770345490826,1.2648714146393591
87,1.022195056646528,1.3575511816656103,1.183377096046896,0.888834922994762,0.9244667895065892
88,0.777131967017525,1.116900110733332,1.0109780969814428,0.8663528855307809,1.0699752754679805
89,1.2523254089029054,1.0807850197140374,1.3005632246880567,0.9768929937638613,1.0337537088225537
90,0.8090182304403466,1.192685726100153,0.826933354476619,0.9383690628035272,0.7281227743788162
91,,,1.3399769758256945,0.8644925793112739,1.0021023112048173
92,1.0665925350605352,1.279678054188924,1.6429837243188046,0.8304729452852428,1.0624034072129678
93,0.7851514881961176,0.9929577875168389,1.5809275485081964,0.8261324188042052,1.041095551929347
94,,,,,0.9172869112583607
95,0.8005039984060163,1.1830149495058673,1.4266718868534278,0.9217045510678372,0.8413342964592072
96,1.9031052765509682,1.4692920070010547,1.2315436123735666,0.9020401472764242,0.9030654653250061
97,0.7380396998533361,1.33166247560957,1.2989808238639518,0.9255183356690209,0.918908553837353
98,1.0240761176258395,1.4564636879965012,1.1214929952275234,0.8903785153221243,0.9025093160904835
99,0.9255346731762407,1.0210122737901683,0.9496954105395704,0.9868719911925729,0.9691779576539248
100,0.9772020040905766,1.400443822779222,1.1252742343156916,0.9919532572169556,1.1412493925066853
101,0.8394659858643818,0.8985439780385054,1.0519900993794742,0.9249340688547714,0.9601012745976231
102,,,0.8844138804055034,0.8911586478018978,0.9993348117969632
103,1.010332340456065,0.9298075354195909,1.1458511682086592,1.269011930064368,1.1008012217077345
104,0.8833447119365824,0.9726221542909849,1.1331659536060124,0.8756980253416179,1.0662920481540923
105,0.8055202115347462,1.3783203913755853,1.4675489811025595,0.7541686114030599,1.191460867936178
106,,,,1.2086092482599642,1.4882784427826556
107,,1.0921938376167522,1.4478071496719778,0.8790940033700682,0.9950053580059844
108,0.9725662521920436,0.9458803116312254,1.0345474600225182,1.1203611987699933,0.7694873826840147
109,0.9614743497614185,0.9017720072788455,0.9311575297444211,0.8186309378094001,0.9027297624617149
110,0.7787058125488776,1.1518230778660137,0.8014952052439717,0.842583780887333,0.8606963150012719
111,0.7319935308523386,1.2274103682546786,1.6817372547878118,0.9147430717733139,0.8326845050792232
112,0.9133061692950816,1.2432033614012528,2.3285681656051547,0.7352125385133351,1.1747174089556718
113,0.7016118335846441,1.2008564841800402,1.9223268040665875,0.9251887244519432,1.1415844709058316
114,1.0075184859229454,1.1114026775209305,1.0946492177115774,1.3083712862208319,0.9179204446532504
115,,,,1.0,0.8454245169701899
116,0.8288935472481102,1.591541820250017,2.0159867573123402,0.9258894058482761,1.1023266833734393
117,0.613513203328476,2.422652362660139,1.9412818434435146,0.917760608573004,0.9419700711348452
118,1.0726832737407541,1.377311613446903,1.9362430889822675,1.0885672461278892,0.7287211140681056
119,,0.8059898919689987,3.874146990593757,0.9926621153439552,0.7959987295973129
120,1.147575868686881,0.7049095573924863,1.0549176030525815,0.7492211340563643,0.5820866896615277
121,2.0653990740924995,1.2157416206459246,1.2847150464391492,0.9413815721788942,1.029043575522103
122,1.044333319435648,1.147671133425868,1.3947690555893166,1.145992466682826,0.9600517286401644
123,,,1.3688620967804912,0.7034785886341741,1.3675609908679733
124,0.9050832740422462,0.9976634236870752,0.9706296019920603,0.9341610989648845,1.1607722258973776
125,0.8836804263568766,0.7445055079119357,0.8797377852694643,0.8307347143251513,0.918781287503487
126,1.175527986461073,0.9305381186259396,1.1503097524317336,0.7441204901528178,0.9930541488848065
127,1.1092324639640196,0.8121498854620375,1.3053340423355193,1.2774194487126893,0.7336942081360411
128,0.8255450254579303,1.97430294473238,2.9564115110265816,0.8695246671188479,1.120296896069099
129,0.8143405984309638,1.122923299087653,1.2048611808053036,0.7950210824396272,0.9991876690470085
130,0.6584811088231881,1.099983373691429,1.2576376850977908,0.8595810137551034,1.0183333621985788
131,1.3659933069083645,0.9876874494393015,1.0498847273418668,0.7880271409446713,0.8180773907556464
132,,0.9281443187002488,1.9818567858199476,0.8342660092589359,0.9805585573375227
133,1.0407224163338602,1.3109532013067986,1.1180638422824407,0.7196646436604749,0.7437286590396557
134,,0.9775791508956212,0.899616888633385,0.9129714822764688,0.7558829721339418
135,,,1.1456699959841012,0.8506407402575186,0.9269193050124436
136,1.0554506435446387,2.547461614081295,2.114546651197722,0.9803028273177232,1.203540937738315
137,0.9671759449727304,1.0760369632993605,0.9432059926930617,1.0850176681082804,1.6206438643857037
138,0.6699690545909286,1.4668759585864788,1.133760515365332,1.167209467687092,0.671844332610832
139,1.2050376426053353,0.943753601198375,1.1208010429382282,0.8557573587071016,0.9421095392317356
140,0.7614028501648292,1.3549967481009606,1.5408621275907186,0.9400280039601648,0.9913524913200364
141,0.5296965165931643,1.0986511437613742,0.8630106194415075,0.9862219208014852,0.8637934160443012
142,,,,1.2460135735126339,1.4690079276591552
143,0.7440457130650381,1.519632027011698,1.519120046888726,0.7811142110877576,0.843146711093474
144,0.7867182577016627,1.4328546931815092,1.429313340214008,0.7831372803497265,0.9911964856178603
145,0.9858155566519906,1.0,0.6295872786342274,1.2545842793382274,0.7448380877375022
146,1.4222142693318434,0.8767504321588293,0.9272286814740175,0.6951217996157534,1.0348369939367714
147,1.1611157302665782,0.6532356061698962,2.38186552169908,0.7087751917039071,0.6291198025005147
148,0.868563694007654,1.0102750589819125,2.047268890942084,1.1558392512568567,0.874817957790924
149,,0.9236804538923742,3.0481669301363583,0.8863489007513825,0.9255105541733192
150,0.9304058301288171,0.894151736991514,1.4748146122775585,0.7055075476816218,0.6756172002770137
151,0.8524744645170746,0.8511706164167848,1.139355689349311,0.9116834508385114,0.8011015262994952
152,1.0263990277349118,0.8955365292696807,1.1874749076542517,0.9370439321954326,0.7217914741292956
153,1.4599568298588683,2.094206299360446,1.0930203311061644,0.8359743002806913,0.8590176076971786
154,0.7995161396371291,0.7606617750042326,1.0010069332299592,0.8086647510144702,1.2958852416506033
155,,,,0.8677675819720193,1.1977316278348702
156,1.6091109735138447,1.3417179539803281,1.232772277142138,1.0347844284644683,0.9870854439204669
157,3.251548823195853,0.9000052491584817,1.1963006764444437,0.5764597718220754,0.6913878172823819
158,,,1.0,0.7491749186955301,1.2049767597576844
159,1.2725177858451087,0.8975471825644876,1.6466457917342594,0.9056823297417379,0.9759448712834291
160,0.9601941927612261,1.0041304901543757,0.9157529417254696,1.439764770321613,1.2300883080177845
161,1.0267438926540393,0.9301686186064588,0.852064920272427,1.1055793477089222,0.8634126416603086
162,1.6497230455987628,1.072695565891421,0.7817186446968917,1.0369729880688443,1.574995525250276
163,,,1.0113304856285865,1.0077738508968166,0.9822201002305454
164,0.8879465665028905,1.0541467377433378,1.0880956574036091,1.262640172982848,0.952567541398245
165,0.9975727022212278,1.2193077651467723,1.3826688198899122,0.9982901897076665,0.8621644604085401
166,1.036050217168383,1.0305907307793918,1.9519412023677931,1.023440220532889,1.2131156049978153
167,1.401295668955472,1.034427213756257,0.8898367969476146,0.9126223887040606,0.965103963331216
168,0.7229103244816677,0.8482258898741191,9.031247482138173,1.0474325125011452,0.6917903548961274
169,0.8644167786501001,1.2364003732197557,1.4539547871808274,0.8482327292928565,1.0297083813932173
170,0.8263634838706277,1.0982350784614234,0.9714689577845447,0.6999197835668706,0.9628140785959816
171,0.7977393482112213,0.9842637764300887,1.3155038520784215,0.9203874880640946,0.8224565921975215
172,0.9156636315063788,0.777122329043105,1.4952481966019293,0.7977330748222667,1.0301975104687011
173,0.8106267522845777,1.6673976859887945,1.938088840361946,0.9900060611964189,0.8321518198629907
174,1.110766860072638,0.8622852671637818,1.508067248870822,0.8289677976597706,1.4710046483379267
175,1.0140243567483875,1.1564230420308643,1.3122233076317311,0.8828811883971083,0.7745075515122217
176,1.248306501133089,1.5338517072890403,1.5528376072115424,0.837342344381165,0.8364557180414475
177,0.8034368161278462,0.7656010925147962,0.9074598933157351,0.8190692956770319,0.7670188798564735
178,0.7554193384329252,1.1839341303003248,1.0443210063749075,0.8138090480265306,0.7791248837607189
179,0.9029716529738544,1.043347211011988,1.0970978952647177,0.9157643206808087,0.936741147300919
180,0.737424367784543,1.1670189900366077,1.079994191130317,0.7369170274704268,0.9727181179653992
181,0.9401844517739696,1.0130486377838737,9.971879476993815,1.0532918430911207,0.8961688474152959
182,0.9011121898446819,0.7834892980621744,0.9645111279478243,0.8821896391792174,0.9830409470941333
183,,,,0.9605504369627729,2.017877070271957
184,1.0922020339849523,1.2225487847848013,1.4270807602327729,1.2091028089016995,1.073756178203762
185,,,0.9935868753946796,0.9815685846312084,1.3695011627534535
186,0.9247427365032036,0.8147355544027054,1.3557042243850268,0.7829595527328026,0.6226536875242111
187,1.0432458705178473,1.0585178219059481,2.251417585023017,1.0146538949284531,0.9603659456200846
188,1.0322066080866017,1.096288945000549,1.1425987913298565,1.0420253460070859,0.7746054254123664
189,0.8032950178456667,1.69987725451199,1.044256694639234,1.0159002914488653,0.8482887611523968
190,1.4656410007457406,1.316444570064766,1.4325094543174406,0.7046882914796678,0.9242287734675839
191,0.9506545412131148,1.0630681603672754,1.0329687287161662,0.8977657708605172,0.8005320247622639
192,0.9092758597706633,0.8205674982436811,1.1805542417415096,1.0290705027904208,0.7945415421929665
193,0.7162398220569371,1.6998136966891317,3.7957234714752883,0.7771693691107856,0.7635286080712176
194,1.876265080409012,0.9936039026479542,1.000135221784513,0.772027574239416,0.9453792791260655
195,0.8645180132770137,1.5678870154659703,1.0601868575553464,0.7726293701943728,0.8924111078081155
196,,,,0.7023083736690054,1.030089557039728
197,0.7295857345872888,1.0439011839292056,1.1766303177436943,0.6215864657386926,0.8204394047013699
198,1.3152770251414718,1.7392536795361628,1.1921430470174323,0.9124741749323703,1.0105860644931763
199,1.165327893471157,0.9241578675204424,1.5455346619081238,1.3683860980807292,1.0538657760864991
200,1.0259149530048357,1.2278829067871861,1.1183261476318105,0.9197733829986243,0.8758076144142808
201,1.475681609492192,1.0881475863949124,1.8170247659177778,1.1488484719200438,1.2031068103891747
202,,,0.8243105902945931,0.7693353805533821,0.7735366833137046
203,1.0294055914678233,0.8440998441134199,1.2916556596751427,1.0982468502754528,1.125166241188167
204,0.6678070576087809,0.8351985055659065,1.0049464255668377,1.0325493363171159,1.2558886359990662
205,,,1.0911749139548652,0.9951456426432845,1.3630103676553766
206,,0.9463169484834062,1.2155635372167737,0.7767945245128893,1.1285696772515084
207,,,,0.849530597465435,1.5044249328653476
208,1.3547258267477966,0.9793491965063713,0.9425413818283869,0.9860216622407121,0.9786125817650554
209,0.7620728860073445,0.8468910151254674,0.8412319416701726,1.0072454974403886,0.9720295019352422
210,0.9838318534790579,1.1662141213532524,0.6281949657925215,1.2579686819430131,1.0547503779957494
211,0.8175648101701859,1.4486313871185785,0.888217171271332,0.9441077740737333,0.8968650960806703
212,0.7484464047555422,0.9466742674804475,2.8637448942351216,0.7151819739149036,0.6650681449757818
213,0.9487376761302182,0.9094234735112778,0.73723386612397,0.916011256792581,0.7929884999987121
214,0.8329133386426721,1.0313593297077803,2.283430951813593,0.8738182872452787,0.9903594234171185
215,0.5915036213576361,0.7926266144434337,0.9502826697231719,1.171460399796881,0.46371922088378054
216,,,,1.1024800077210162,0.8440749265005647
217,0.6719348190450203,1.031747708612423,1.1325775931465392,1.1054386131953706,0.9320566170622838
218,1.8554109880186032,0.9576225409074115,1.2084360360656923,0.8210559602003273,0.8933030572305987
219,1.176166538113788,1.1876471600672147,2.058667039142551,0.6556866351687756,0.7390660959357265
220,0.7241705747876799,1.6076801620615975,1.195008819508647,0.7813000400594287,0.7434613221728319
221,,1.0,1.6414484710149002,0.6472596031652558,1.2352750189027408
222,1.1659706683779263,0.9301449117677788,1.6334937890894008,1.1721699685315354,0.875651362525654
223,0.5071055952221425,1.3073308441270142,8.035294648633576,2.1113505337433702,0.5227479642562182
224,0.884415092571478,1.1965670048709414,1.9582183999761984,0.6784042276233749,1.1545846376132927
225,1.2915086629440768,1.2261195168391363,11.066310292502763,1.50300061142552,0.938310086767975
226,,,,,1.4785677486492952
227,0.7055314922029603,1.4078773232929822,1.1963474888327645,0.6722345485571343,0.8686596215264275
228,,,0.9642440476745064,0.9417791288030795,0.7301483178902434
229,0.9896047774261203,0.9817488563879115,1.1068836448764918,0.9312116190098685,0.8221622171592345
230,1.0073977293697096,1.5236503793876193,1.1667446231426215,0.6811895394774229,1.0200149582645186
231,0.6843466822915545,0.9867055914319777,0.8610781668907409,0.9390912136136282,0.8312918983358122
232,,,,0.8008910435041655,0.9591394414292855
233,0.9684406337032752,1.6370559430882228,1.6146183235025626,0.8897920455694743,1.3766968374916881
234,0.915245493306052,1.152979341101967,1.3529141349419074,1.0879142264302768,0.849398978599844
235,,2.3272384886302424,1.2179373605582318,1.16511634875442,0.9314553835045276
236,0.8950134609332095,0.8098975585090241,1.3755107921296057,0.7469905623029685,1.3122083428175657
237,0.9404163565524646,0.9090480257889494,1.086409456077956,1.2229182108119752,1.127758093261329
238,1.053080709537598,1.1358406415812323,1.2863288256108238,0.7273052654631073,1.6223524363753938
239,2.5294403480912773,0.6200667251585636,1.282430573631905,0.8577360768444479,1.2601826519586647
240,1.056238708901377,0.7295977523075016,1.3436088589056703,1.0185074460123218,1.0634156844539036
241,0.7383488628421246,1.1515415917143794,1.1835147131524981,1.1778068570826574,1.1904940414745808
242,0.823046203008684,1.145532598323713,0.9197170800701826,0.9238611652099591,1.080770303737338
243,0.7774626912307034,1.7819636958139216,1.3436949195197523,0.8647353584412523,1.4052736295293127
244,0.8398832478060632,1.5008299205724094,1.1905305593430786,0.7662171772558038,1.0581822520431372
245,1.0455828835473022,1.2335625908708343,1.3250310973843817,1.086865328182654,0.837004265958236
246,0.7264271947439642,1.183808544171475,1.0752751022895737,0.8083229334833746,0.9250880446284226
247,0.946657054369852,0.9546764973295329,1.9076640837443295,0.892479230666498,0.9832762083943826
248,0.8923499331318299,0.7728378435138633,0.8841058320714598,0.6504968294145469,0.828246744532654
249,0.836413534590545,1.2313199214794313,1.1765052784306376,1.193198162317098,1.0008210611544182
250,1.0665735271580947,0.9362151415621721,0.9354150434315888,0.8661293622108076,1.0702541977740714
251,1.0282581648428597,0.7509206355841437,1.7232636268703594,0.7997701258582127,0.9408715078478082
252,0.6136619259650413,1.1977841061456118,1.136473435609477,0.7557579596450232,0.6331628824602298
253,1.0,1.0,0.8933946328136457,0.8200282096162604,0.7239750272761628
254,1.7551628928488479,1.4614157623380442,1.6404010394793258,0.6625174370623335,0.8104624444395702
255,0.8195568378943151,1.111982350854817,1.7973081490383511,0.745256461544848,0.938286202038266
256,,1.9829124458914693,1.652875517294973,0.6467684011394269,0.7793250070244159
257,0.4896596920360519,1.8871762144715014,2.1415640377766376,0.8928637644856544,1.2878886028711436
258,0.9550932552594119,0.8317776049964686,1.7517469961024896,0.8287315801452171,1.3915981698198656
259,1.3735192289007403,1.0748614069142595,1.6612422362846941,0.9241902744293629,0.8946736750323584
260,0.9095102090658406,0.9648729736486427,1.9095081926760569,1.5455803307054203,1.2686487525446726
261,2.1697026958992143,1.7316974641662046,1.1837817561890722,0.9219571763086039,0.8253917590956223
262,0.6731295804926496,0.9634660884185429,1.52314419886145,0.9315157198966852,1.0782707369066264
263,0.8941139866252267,0.9965785055139633,0.8720717528375704,1.0794952868328833,0.7789060371532129
264,1.5021387078733397,1.155579213485843,1.1053657072581737,0.7709299678625999,1.1703539463454171
265,1.242251434575249,0.7025197553031274,2.4381179137261095,0.8662539182539627,0.8845797739269705
266,1.2626507390849115,1.4693307230960027,1.4738521488908578,0.8361103828768062,0.9853566372642957
267,,,,,0.8554036093181517
268,1.5063467404497732,1.25060216197674,1.7247948842310716,0.7221407326178473,0.9384620133962354
269,1.2759513613057845,1.1750517664249205,1.2616429960769473,1.0345871045402464,1.062849333954881
270,0.76518851809205,1.16779271278889,1.7568363292201636,0.939050084104098,0.8752593143272724
271,1.130861623384374,1.1765335709143911,1.5607088909180578,0.9460031412615416,0.8689928445071003
272,0.8373956738494506,1.228791428573248,1.1828744799081297,0.780949812230361,0.91346038476344
273,1.1257690051506328,1.0472151107197951,1.4976849051769647,0.8151487970779665,0.894264254293971
274,0.938225373671329,1.017200074586341,1.0267128256336067,1.1246793366667953,0.7152582026534504
275,1.4627700098928458,1.1413363946288813,2.2190250811934527,0.7895769876259427,1.0094508885391489
276,,,,,1.1071704839412342
277,0.8180890111003878,1.54408704993373,1.1773376466127405,0.7533069300394217,0.7920122779082742
278,0.7790381587386904,0.9916896274676401,3.344648936300626,0.6785039310886941,0.8299533825927493
279,0.9717186496713943,1.0322669682709704,1.2704522772804028,1.233177805447132,0.9813461457072374
280,0.8720192614037748,1.3097711645657863,1.9777780851241245,0.9511454407567348,0.9951929073517576
281,,0.9089907059602846,1.2473571184513788,1.143455334934694,0.8254486126397091
282,0.8956191602961798,1.102886081589679,1.1052207465240327,1.0469042788645968,1.0640958098665039
283,0.7650416600084456,0.9228441384251408,1.3330177246027803,1.2354755327281597,0.9376648329871758
284,1.1250056136676059,1.5105652053237044,1.3939619497769944,0.9205736708895391,0.733542358339302
285,,0.9765679508654952,1.5556303608336755,1.2816072009350794,0.9099210143701539
286,0.9045409375953409,1.1467302828093666,1.1318887183004607,1.0447206626262389,1.0018122359848403
287,,0.9888945778016427,0.9991112432734085,0.7368653331613757,0.93315389144327
288,,,,0.9470724000507951,0.9430916515271233
289,0.7978447616693468,1.0519977662476323,1.438344416201643,1.141387671789703,0.9849957449603083
290,1.138823830168726,0.7608715197480286,0.7185794953332114,0.8580844893883405,0.8555720193840167
291,0.8442309842863576,0.8826710987406662,1.6741811203525598,0.9181887074331232,1.1179105276743435
292,,,0.9051759504182022,1.0565380776658597,1.0630457663081732
293,0.46687017101397055,0.9182446677806071,1.1587896796986368,0.7148500397486982,0.5818402078211439
294,0.8524056471588685,1.5611079870956615,1.172227990693317,0.7512218666651914,0.8913042444783512
295,0.9840199561436579,1.3404694348562942,1.1747864977132765,0.8393568342455457,0.9432892309588593
296,0.6929538093464009,0.9756597884601327,1.3198572903928025,0.7662843481121273,1.1016345443182074
297,,1.501932256724801,1.2498726770564865,0.9755836426771195,1.2133098218113083
298,1.476852557463497,1.080504453547734,1.4787255981463319,1.46191711362525,1.3402107528043234
299,0.7210208425687644,1.241375737762413,1.5763084815961776,1.0028344419145299,0.8681079776120794
300,0.8398802065579423,1.2230382785533642,1.0446370191477823,0.9021346826952656,0.7640350703456502
301,0.8245967671822716,0.9617321576078302,1.1095981700623798,1.2286007201897031,0.7504330054528168
302,0.8055549122769827,0.9017093871013816,1.1523623325295096,0.8763369004327011,0.8984310983403744
303,1.6036418883275103,0.9010731052911721,1.3499993484626551,0.9453410034187997,0.9284940672993878
304,,,1.025509061150598,0.8814162599035379,0.8961817295245402
305,0.9295579682929157,3.094706841830118,1.2620240661458215,1.030800586785408,1.5351903033088863
306,1.138097230543594,1.0839475974284978,1.0061105888703687,0.7867231403536554,0.9255837461630847
307,1.2572035658127185,1.1221392517498647,1.1079880238638702,1.0852030201840048,0.8445831694493536
308,0.9795356924684568,1.4223044447890276,1.6010418006585965,0.9228964529275101,0.9272789837098947
309,1.0824562484657598,1.2712721818782238,0.8625913419251072,0.8437440872696849,0.8657824044381054
310,,,,,1.3336002180541227
311,0.7875089383146984,0.7810247141244717,1.1900956018777658,1.3916452389600265,1.118885892180173
312,0.9619313599725487,0.9673090573081558,1.9494889934037003,0.8037702910406151,0.6335193570561839
313,1.7423957421376397,1.2991135319488045,3.8073582515547013,0.7948769672298067,1.0434830911288004
314,,,,1.0372484951942809,1.0097208262265296
315,0.8905545895358337,0.9660538083751837,1.5485778058484858,0.7500112962378062,0.9091821936470744
316,0.9605071619342636,1.4069498526230575,2.499400332155926,0.8729609606827583,1.129094306919656
317,1.1518830820977854,1.0753647052917394,1.0612273814614248,1.5106297235732178,0.7309969416991388
318,1.061898012700324,1.1136972655683062,0.8278049693864609,0.7443063986858859,1.3044010473839407
319,0.8841663039890717,1.4862673639971793,1.3656428418856497,1.0481848339056268,1.087910342225181
320,1.040684268102501,0.9478138360252243,1.5854110757013895,0.7666441591092458,0.8690795564788193
321,1.0120791433604137,1.3287380510546742,1.2910864695391813,0.8199027528756796,0.5730510159324093
322,1.1623349417090663,0.749191041854001,1.1248522650227233,0.7927623735199374,0.8074950821472814
323,0.8187087194348092,1.0131560912771918,1.087689175774992,0.8895993634031972,1.1719801676317818
324,1.081787853852041,0.9686681021796152,1.2692803139042939,0.900117669204901,0.9054932161116125
325,1.0708401825965224,0.8468815735693496,1.3367781579802351,1.8969945499974346,1.1445541535475354
326,0.8311410410654262,0.8046693981141992,1.2457170993637547,0.8207624707200232,0.825673170288703
327,0.7739062742108155,1.0949735885625898,1.074998469047933,0.9242920407103933,1.5357848579848103
328,0.9216651996734982,1.0118798354569953,0.9160735740598335,0.9985005089947914,1.0207012791941055
329,,0.8413860149983752,0.7917574175802617,0.8928366039586915,1.2033968658298477
330,0.9307531804787438,1.3142245948836835,1.138894721881101,1.0553854830173923,0.7804709223812877
331,0.5426897186053788,0.9186105998446811,2.2733681393185465,0.7019965192325911,0.7573727379505697
332,0.8109641505877677,1.116017857244641,0.9912730387397547,0.7664142439669253,0.6726348248410621
333,2.5174979985862054,1.275219005446088,1.353592394330596,0.87254245417517,1.4011935397939481
334,0.951633261922309,1.0811987599704183,1.085060174455687,1.5036540974939272,1.192002215245627
335,0.8603651031696555,0.8043943440295257,1.4185167176772477,0.8402629446455492,0.7731170215972494
336,2.0494510574819182,0.904427241615315,1.4612391315083209,0.879466875144221,1.2077000184904156
337,,,1.0137865901372973,0.8309593037768629,1.5253786801572007
338,0.7680022301169145,0.7171666228677268,1.365591431038937,0.7798282793169955,0.8505141012448746
339,0.676245457868032,1.0919072497835625,1.0458434401166858,0.7875379471752557,0.932560421323008
340,0.7083581480505696,1.363426098423077,1.0800534962467974,0.7009551166263904,0.9017077000578807
341,0.8346967309333282,1.1975737101623027,1.3499544214894474,0.9296221551210875,0.9696557217870586
342,0.9787160444556366,1.0085612165217923,1.202855732446884,0.9954081170799355,0.8581945501293725
343,0.871594200631991,1.2040815521838044,0.8486504220712955,0.8034343106103181,1.3133137308405436
344,,,,0.9932471327505539,0.9775307932266545
345,0.9152728442261111,1.2512514361976879,1.1345603859746998,1.0349291623363908,1.2272827243490692
346,1.0251305060607085,1.1389191919321713,1.343904592722071,0.6417483187917893,0.7634064138131221
347,0.848695182380266,0.9443280529168344,1.1092379610061067,0.872277569458099,1.6199282354733366
348,,0.7337721183993267,1.3792993547526822,0.9702179606209284,0.7483296125747027
349,1.222364868526376,0.8125585028173278,1.6761106186788495,0.6682075404773359,1.1005282814516253
350,0.7736369653118984,0.9160459844272628,1.3179117827828355,1.0083078109493921,0.7504616243854979
351,0.820868643908301,1.3861343726663817,1.1091546913454107,0.8779735263398715,1.0366993857448887
352,0.8490047477084766,1.10409336318504,1.4894226506638757,1.0946976390179886,0.9723954291051824
353,,1.0515430309605116,0.7738135293246557,0.7307848013574303,0.8569654605345826
354,0.7411684257211713,0.893966296021346,1.0325489436988409,1.0223750908307867,1.049911464006991
355,1.1841603758869588,1.0193419930162395,1.167517610729318,0.6824099445294287,0.8757977077348967
356,0.9732003375159736,1.0028120192099268,1.1940385183547708,1.3710587898546487,1.329319507235442
357,0.8155482240151123,2.273819693933235,3.7348416854309883,0.9717713406725853,0.5733238050600554
358,0.827480987956017,1.031578489973126,1.400494368338383,0.8492466015709069,0.9903101519891367
359,0.6570525488501915,1.051236935579496,1.3012564063038419,1.1121755898311108,0.9161841384273587
360,0.9281933354632483,1.5040826567077903,1.4761357750640591,0.9251686290748801,0.8298864767860348
361,,,,,1.5006670004051939
362,0.6448438094451847,1.418234798046279,0.895102599232432,0.971931043780311,1.0593829998749584
363,0.934757092215578,1.07329754847876,1.0261951406878869,1.030522872276525,1.0203987110891255
364,1.1205484666568917,0.6516652870145175,1.132481445984897,1.0798348281895567,0.8744955839101396
365,0.6771054242103154,0.9583897347707856,1.075854095919457,0.6963811148732276,1.0479294551721796
366,0.8801802749338876,1.3962632523572513,1.0685068001735345,0.7650931460464477,0.873461297272546
367,0.8030903511144492,1.2109414071417612,0.9780143953208998,1.7146114147877085,1.1195397874397701
368,1.051650348146108,1.1309052694289368,1.1859836009664382,0.9932534505371139,1.044946416218468
369,0.6906398242068071,1.3820362505575627,0.8940522033723003,0.8609306996422171,0.7820091877881349
370,,1.045970877927433,1.54440780553645,0.6828943593061921,0.8175311839770366
371,,1.0278319720688185,1.300602500025053,1.164524275461185,0.8380164484177018
372,0.7071455422397457,1.246567300576898,1.340113702505585,0.9926933795997773,0.9847351092885404
373,,,,1.114523569475955,1.2172272861448503
374,0.9319464777654429,0.9879799871137654,1.3673417238535899,1.0695062354427716,0.7831510647646752
375,,,,,0.8647663897312855
376,1.036208646895738,1.384990797634005,5.926822788679083,0.7165461841600971,0.6897509876063075
377,3.2516318349621223,0.9823501740237266,1.6586117889201215,1.1256813554333283,0.9487878378892525
378,0.9091685384788064,1.188753152669304,1.100255827388158,0.848278639544274,0.9048154592493567
379,0.5187789266837813,0.8141109973962123,1.2686654234948094,0.6797596141337234,0.8846817109416317
380,0.8792503271804453,1.3935401668052123,1.2441534450964016,1.0678513143922053,1.1231035154982334
381,0.8099833608105351,1.033065901047501,1.2412792700249595,1.0735321938038445,1.078671684820541
382,0.7516581987183927,0.9674960288715146,1.824309517039354,0.7127918923754084,0.7931353857740794
383,1.478220895762339,0.8556278841850194,1.278685232363562,1.0299224548547865,1.4607620879257859
384,0.8038823702193728,1.228908970033634,1.8180532066449977,0.7501104618356889,0.6527175757594063
385,1.1924221236934478,1.066401093528169,1.3707311230619028,0.9697053250270882,1.1732722235736976
386,0.9443422258250841,0.7532844587958556,0.9951897894651458,0.773515008264186,0.8514285496303015
387,1.0478695749107658,0.7618284330394616,1.1301676918840646,0.7761963188174681,0.7021113771570491
388,0.6809310555947495,1.170738449248882,1.269604579395753,0.8935401798358156,0.8715864267515746
389,1.3120237618733486,0.5885429824877231,1.0811675913743184,2.101981395468382,0.8126803860298165
390,1.144686439771429,1.0244605343494875,0.8818740363402805,0.8185906070121282,0.6557904860155327
391,,,0.9639188865073096,0.7952741373600147,1.4711888274051237
392,1.1305759470249912,0.7546286651840496,1.0062982755328416,0.9597322564918693,0.8366000046272046
393,0.7890000365227743,1.0798958297921104,1.3226591952266,0.9329523346757684,1.1195274163496536
394,1.1087251114617485,1.2725088908756577,1.2847532125092636,0.9940066357739491,1.2954821409639694
395,1.4168465652163962,0.8322593365608297,1.4459955068421364,0.8064496628897748,0.8360714899242844
396,1.0040167254370977,0.7303318454466174,1.1049984773256334,1.375240145686766,1.1129680462136844
397,1.166122840898811,0.8438702087133748,1.218698314461072,0.8623669529017094,0.959045711474741
398,,,1.417196211734917,0.7968778621721072,0.9569316710763355
399,,1.0,1.634491041918567,0.9673478268411464,0.8783417924521258
400,0.8206100196061984,1.0174468507163188,0.8350013671140164,0.9384228054370318,0.6819903275182572
401,0.8126710035201411,0.8942543986655044,1.5083507611927072,0.9098340746523634,0.9141523126648474
402,0.960687861520281,1.2364790623140316,1.0475475515880375,1.0567350947553822,1.110035747133222
403,1.316308753488492,0.9306574834963071,1.0412175348092794,0.6104313355482583,0.7024247158181023
404,0.8026726189684851,1.1832074136869717,0.9873482578006069,0.9124420471290847,0.8625760878126271
405,0.9383644318927044,1.2567874118857703,1.3761161948370575,0.9270177599406456,0.8100717325184521
406,1.2960139454780712,0.9596942558607361,1.0324792151411064,0.8279036231650686,1.3623690393730328
407,0.7345272801196823,1.0942616179617968,1.9363399642561845,0.827761951941654,0.9059999815523071
408,1.313681876079678,0.7807062060058386,1.582498863232993,0.96370541205244,1.00185233850394
409,1.2521893577667742,0.9163848112293124,1.742842426864017,0.82170678203062,0.9892095353961656
410,0.7661230894425543,1.1334238363605815,1.2648711124341632,0.9391059443825149,0.771266978698993
411,,,,,1.24289380309461
412,,,,,1.0
413,,,1.1057598308201377,0.8443759283222719,1.0495050789406761
414,0.5649084589310958,1.0106871535027069,0.9925970755521,0.8390308651509722,1.1750336498291412
415,0.8035063069607877,0.8217910789325069,1.4300098132615688,0.7987847673311078,1.1474819767943134
416,,,,,0.9340771652367285
417,1.0409051536949563,0.7633931669613335,2.6221260896315415,0.9924994441756297,0.6681036957586282
418,0.861631732862951,0.8546709311754269,0.8462413782183136,0.9631080005207994,0.8832807889201756
419,0.9412819333733309,3.344032709915841,0.6963833099050868,1.0035010520443994,1.0145790291240115
420,1.8122755172971228,0.9493531869873554,1.0046238810385637,0.7417924772651262,0.9790666202968843
421,0.851004903075889,0.9239720046552864,0.9560539018619713,1.0150857432046647,0.7900723612278527
422,1.235493545790651,1.0226984346694277,1.6670620271225918,0.7161054015345646,0.9822302527768544
423,0.9462793242450461,1.2425432882402798,1.548821681740331,0.9093510052071124,0.8164431129505516
424,0.7967146064626119,1.0538454834049724,1.2955480634932528,0.7763184407828698,0.9258885512860293
425,0.6623781735628871,1.5543830390818152,1.782422447625121,0.8383100883386719,0.9415821275387497
426,0.7023906134857343,0.7930376318227027,3.3401949954395813,0.8356039379348712,1.007709272937959
427,0.8585421988686555,1.2334518079120538,1.377350974538716,0.7271272798973002,0.9784769494893465
428,0.8939921220318489,1.0577364984761792,1.1932642023853324,1.0613538879050208,0.9094297211653276
429,1.1848421994234548,0.9628972712805922,1.0483993622577858,0.767565546707849,0.771228525858094
430,0.9813997971939359,1.9648459509984415,0.9548823505584724,0.9251576229708786,0.7125996340262457
431,0.8299225145836214,0.708329832904857,1.338352760433189,1.1660956797824997,0.7873538157705722
432,1.072652560326382,0.8417230411129832,1.015360728290527,1.0546830017546023,0.9588511923521857
433,,1.0,1.3464235758787113,1.3004951066209758,1.1668492029185074
434,,,,1.0272395919018964,0.8990229754895988
435,0.8321632099863313,0.9066646953951097,1.22998246979851,1.1676722935743256,0.8713267914233482
436,1.184631576596074,0.7450012578818019,1.5456164392806977,0.8589528505842207,0.9620433163626936
437,1.2920709106775772,0.8238192937182354,1.3091044522275157,0.9045940448205647,0.7265428162916453
438,1.0538288658275783,0.9605974081253891,1.95472102675832,0.792166321803381,0.8989236638732533
439,2.072633373795132,0.9666193893312072,0.8138466920934425,1.2271555431092336,0.6063574791674744
440,,,1.3743577717892548,1.018249908604012,0.9323950822890104
441,0.8043737882424309,1.0161177083531217,0.9208361860198978,1.366628653655778,0.9062871227704569
442,,,1.7991159345904446,0.7733397061787616,1.1543275155876498
443,2.831127158912041,0.70716902007007,1.0555779979573308,1.1671455294981192,1.0045808422251492
444,0.7399287108085395,0.8737197130810725,1.1995722013570669,1.0821460064285624,0.8663346513611365
445,0.7158648511079274,0.9958031730710752,0.8806232747928506,0.7159425320996534,0.790918480227866
446,1.0577949791195826,1.3051394606323414,1.01670069499325,0.8001120228930636,0.9365391024926221
447,0.8165057922657227,1.0314164296819925,1.1367779171227264,0.8839047896499665,0.8861699382072333
448,0.49592282486384986,0.9364758759013201,1.3483134003747814,0.8351431927170425,0.9443232892565819
449,0.921122251875279,1.01665709781413,1.5407001466696575,0.8057201019642498,1.1134068529944492
450,,0.9649009816462712,2.2835490350888024,1.2349891752176505,0.8441716103408248
451,0.742564275118439,1.1217712008067857,1.025779024919961,1.1565273730186147,1.133385202915381
452,1.0437729819508437,1.0882299525710206,1.316655674540114,0.7213936099421504,0.8048219769669892
453,,,1.0,0.7972418226432673,1.0446573213803354
454,1.0186810827435595,1.409791544299574,1.0362718542070117,0.8449401740345502,1.0799798580752775
455,0.9440301132260881,0.9124005906143923,1.3762540882697714,0.9086966797466163,0.929773741820256
456,,1.003386570939752,0.9514116503205791,0.8816950336297293,0.9394166449448632
457,0.880924956282573,1.4359550917663177,1.6585689750998762,0.8299180879342899,0.6714318083078815
458,0.8620271907172669,1.1026339951291035,1.1628127871970555,0.9367238211842531,1.1702330908354577
459,0.8826924317206968,0.8857253119017443,2.022901887956473,1.1312790683257403,1.1052648405899563
460,0.9074925827622236,1.1282505253116004,1.0168733136308237,1.1303602470238956,1.0990449654149355
461,0.9141615815268292,0.889078209847563,1.4243728536737872,0.7514821451281283,0.9447914989956123
462,1.2902849952006124,1.1208354616645317,1.5000537388448827,1.0635396149343344,1.0040269226497398
463,1.9300202404895517,0.8041611057159788,1.5019298398723417,0.8065991593552609,0.9445252178419951
464,0.8826087645795082,1.0208300313720682,0.9644222839639363,0.9507971586519225,0.684770539220331
465,,,1.0101242113592694,1.1610656248127398,1.1297620574096048
466,0.8109786870662331,0.9763473553546324,0.8877919874655187,0.7305192739128606,0.9568702199078091
467,0.9946054430445835,1.7781316651439723,1.307017507498047,0.9355987662719607,0.8027110591575929
468,1.1085492571458226,1.3174257280602975,1.1043426308064783,1.0293659837207092,1.0511337811918078
469,,1.815831925490956,1.135911503649713,1.0261998988663663,1.072135013781341
470,0.9211584445351025,1.2163136296466301,1.1681439236444615,1.0621647072344742,0.8965344721263241
471,0.6695429108223593,0.9530459712367575,0.8991574918654625,0.8892454774822249,0.8092109922266176
472,0.9678794040026696,0.9685090186378326,1.235772382223945,1.091965698174034,0.760529396085025
473,1.0180665927586057,0.6882501320852411,1.7730668413412098,0.9168255161483081,0.8014990987939244
474,0.8681688711155064,2.04148552279513,1.7244639366752843,1.0359699855005176,0.9809424901063838
475,0.8904418945621402,0.7008369848529185,2.7577027109463583,0.9562556163688701,0.814553675142253
476,0.8539666780331102,1.11586512856835,2.664319808713979,1.2495053175448787,0.8516581940177356
477,1.1016611805314873,0.7827106693868289,1.163671934142289,0.6757110447272052,0.8768429628693853
478,0.918431664992844,1.2478814440613362,1.5509252997498857,0.9588502422569214,1.2437296976765537
479,0.9360713641576651,0.9489537467292369,1.3202633447900534,0.7704492233728976,0.8285192853992769
480,1.4869471948046329,1.0322360740780936,1.9476126451890725,0.5995888958187944,0.8763290616568753
481,1.1323737961564135,1.3307833193784953,2.962357604001887,0.3362685450655641,1.7879618249915898
482,1.602306832539588,1.0558581135800718,1.0788661763964547,0.8048294625065933,1.04333813026378
483,,,,1.0029743030063902,0.8528833251633592
484,,0.9891697304500789,1.5861123491196265,1.13553317018591,0.7063990014971672
485,0.7349167661328404,2.1651590985095805,1.3286512295936779,0.6584609419368309,0.8370752243058325
486,1.1272853577257578,1.6059994723956383,3.4490681684015394,1.1696317299373065,0.8553042110898864
487,1.0382588721350972,1.2039682613896627,1.315076576733278,1.5121809992007726,1.1105807315046137
488,0.7712682518160788,0.7237561454506338,1.2835214096163419,0.5960396847377999,0.47774216891202825
489,1.0271887180421888,1.2382452367981427,1.7247432340528135,0.9983700770984467,1.0908758641927216
490,1.1736129754242965,0.9013205886199711,1.3111420276615546,0.8044610501133254,0.7601163180883659
491,1.467119162327324,0.9712448740547885,1.4778433374197428,0.9754479316320939,0.9511490684001144
492,2.3171375208792786,0.7449448016872541,0.9979481683096534,0.9252596374380394,0.8329746432770049
493,,,,,1.0217289997297603
494,0.622926400006126,1.402865274588481,1.5536691682957058,0.9430521432956684,1.327552394303741
495,1.0179845942611188,0.8646083869760212,1.168950518902567,0.9493448731854865,0.9738078224817384
496,1.2876423601146947,0.8685757767584621,1.3411362106505358,0.5950883882825954,0.7068645193515765
497,0.980583408703167,1.1543614034747396,1.1064641157244512,0.8977520024890674,0.7033289829200874
498,1.3601990263387775,1.0267082829611405,0.9498621240269661,1.204821298321321,1.0555506894497295
499,0.9966840749112887,1.004338337339172,1.1295396127987005,1.0318507878046392,0.9568369629550211
500,1.1573757411151457,0.8779318701024028,1.0788221358612289,0.8130537565975188,0.9987600556399384
